id,anio,matricula_s1,matricula_s2,matricula_semestres,matricula,ingreso_s1,ingreso_s2,ingreso_semestres,ingreso,matricula_equivalente_anual,ies_id,snies,municipio_id,ies,programa,departamento,municipio,segmento,modalidad,sector,ambito,universidad,alias,universo_v3
1101-106341-11001,2021,164.0,181.0,2,172.5,26.0,34.0,2,60.0,172.5,1101,106341,11001,UNIVERSIDAD NACIONAL DE COLOMBIA,CIENCIAS DE LA COMPUTACIÓN,"Bogotá, D.C.","Bogotá, D.C.",Cercano,Presencial,Oficial,Benchmark nacional,Universidad Nacional de Colombia - Bogotá,UNAL Bogotá,True
1101-106341-11001,2022,192.0,213.0,2,202.5,28.0,37.0,2,65.0,202.5,1101,106341,11001,UNIVERSIDAD NACIONAL DE COLOMBIA,CIENCIAS DE LA COMPUTACIÓN,"Bogotá, D.C.","Bogotá, D.C.",Cercano,Presencial,Oficial,Benchmark nacional,Universidad Nacional de Colombia - Bogotá,UNAL Bogotá,True
1101-106341-11001,2023,203.0,221.0,2,212.0,31.0,42.0,2,73.0,212.0,1101,106341,11001,UNIVERSIDAD NACIONAL DE COLOMBIA,CIENCIAS DE LA COMPUTACIÓN,"Bogotá, D.C.","Bogotá, D.C.",Cercano,Presencial,Oficial,Benchmark nacional,Universidad Nacional de Colombia - Bogotá,UNAL Bogotá,True
1101-106341-11001,2024,221.0,238.0,2,229.5,31.0,32.0,2,63.0,229.5,1101,106341,11001,UNIVERSIDAD NACIONAL DE COLOMBIA,CIENCIAS DE LA COMPUTACIÓN,"Bogotá, D.C.","Bogotá, D.C.",Cercano,Presencial,Oficial,Benchmark nacional,Universidad Nacional de Colombia - Bogotá,UNAL Bogotá,True
1101-106341-11001,2025,228.0,240.0,2,234.0,26.0,39.0,2,65.0,234.0,1101,106341,11001,UNIVERSIDAD NACIONAL DE COLOMBIA,CIENCIAS DE LA COMPUTACIÓN,"Bogotá, D.C.","Bogotá, D.C.",Cercano,Presencial,Oficial,Benchmark nacional,Universidad Nacional de Colombia - Bogotá,UNAL Bogotá,True
1101-32-11001,2021,482.0,470.0,2,476.0,50.0,46.0,2,96.0,476.0,1101,32,11001,UNIVERSIDAD NACIONAL DE COLOMBIA,ESTADISTICA,"Bogotá, D.C.","Bogotá, D.C.",Cercano,Presencial,Oficial,Benchmark nacional,Universidad Nacional de Colombia - Bogotá,UNAL Bogotá,True
1101-32-11001,2022,468.0,477.0,2,472.5,47.0,53.0,2,100.0,472.5,1101,32,11001,UNIVERSIDAD NACIONAL DE COLOMBIA,ESTADISTICA,"Bogotá, D.C.","Bogotá, D.C.",Cercano,Presencial,Oficial,Benchmark nacional,Universidad Nacional de Colombia - Bogotá,UNAL Bogotá,True
1101-32-11001,2023,461.0,431.0,2,446.0,49.0,42.0,2,91.0,446.0,1101,32,11001,UNIVERSIDAD NACIONAL DE COLOMBIA,ESTADISTICA,"Bogotá, D.C.","Bogotá, D.C.",Cercano,Presencial,Oficial,Benchmark nacional,Universidad Nacional de Colombia - Bogotá,UNAL Bogotá,True
1101-32-11001,2024,425.0,429.0,2,427.0,45.0,41.0,2,86.0,427.0,1101,32,11001,UNIVERSIDAD NACIONAL DE COLOMBIA,ESTADISTICA,"Bogotá, D.C.","Bogotá, D.C.",Cercano,Presencial,Oficial,Benchmark nacional,Universidad Nacional de Colombia - Bogotá,UNAL Bogotá,True
1101-32-11001,2025,419.0,397.0,2,408.0,39.0,33.0,2,72.0,408.0,1101,32,11001,UNIVERSIDAD NACIONAL DE COLOMBIA,ESTADISTICA,"Bogotá, D.C.","Bogotá, D.C.",Cercano,Presencial,Oficial,Benchmark nacional,Universidad Nacional de Colombia - Bogotá,UNAL Bogotá,True
1102-107447-5001,2021,74.0,101.0,2,87.5,29.0,37.0,2,66.0,87.5,1102,107447,5001,UNIVERSIDAD NACIONAL DE COLOMBIA,CIENCIAS DE LA COMPUTACIÓN,Antioquia,Medellín,Cercano,Presencial,Oficial,G8 Medellín,Universidad Nacional de Colombia - Medellín,UNAL Medellín,True
1102-107447-5001,2022,109.0,131.0,2,120.0,26.0,30.0,2,56.0,120.0,1102,107447,5001,UNIVERSIDAD NACIONAL DE COLOMBIA,CIENCIAS DE LA COMPUTACIÓN,Antioquia,Medellín,Cercano,Presencial,Oficial,G8 Medellín,Universidad Nacional de Colombia - Medellín,UNAL Medellín,True
1102-107447-5001,2023,117.0,142.0,2,129.5,25.0,38.0,2,63.0,129.5,1102,107447,5001,UNIVERSIDAD NACIONAL DE COLOMBIA,CIENCIAS DE LA COMPUTACIÓN,Antioquia,Medellín,Cercano,Presencial,Oficial,G8 Medellín,Universidad Nacional de Colombia - Medellín,UNAL Medellín,True
1102-107447-5001,2024,145.0,175.0,2,160.0,37.0,32.0,2,69.0,160.0,1102,107447,5001,UNIVERSIDAD NACIONAL DE COLOMBIA,CIENCIAS DE LA COMPUTACIÓN,Antioquia,Medellín,Cercano,Presencial,Oficial,G8 Medellín,Universidad Nacional de Colombia - Medellín,UNAL Medellín,True
1102-107447-5001,2025,188.0,197.0,2,192.5,32.0,34.0,2,66.0,192.5,1102,107447,5001,UNIVERSIDAD NACIONAL DE COLOMBIA,CIENCIAS DE LA COMPUTACIÓN,Antioquia,Medellín,Cercano,Presencial,Oficial,G8 Medellín,Universidad Nacional de Colombia - Medellín,UNAL Medellín,True
1102-16920-5001,2021,442.0,432.0,2,437.0,60.0,54.0,2,114.0,437.0,1102,16920,5001,UNIVERSIDAD NACIONAL DE COLOMBIA,ESTADISTICA,Antioquia,Medellín,Cercano,Presencial,Oficial,G8 Medellín,Universidad Nacional de Colombia - Medellín,UNAL Medellín,True
1102-16920-5001,2022,412.0,413.0,2,412.5,48.0,44.0,2,92.0,412.5,1102,16920,5001,UNIVERSIDAD NACIONAL DE COLOMBIA,ESTADISTICA,Antioquia,Medellín,Cercano,Presencial,Oficial,G8 Medellín,Universidad Nacional de Colombia - Medellín,UNAL Medellín,True
1102-16920-5001,2023,403.0,354.0,2,378.5,70.0,37.0,2,107.0,378.5,1102,16920,5001,UNIVERSIDAD NACIONAL DE COLOMBIA,ESTADISTICA,Antioquia,Medellín,Cercano,Presencial,Oficial,G8 Medellín,Universidad Nacional de Colombia - Medellín,UNAL Medellín,True
1102-16920-5001,2024,359.0,300.0,2,329.5,67.0,19.0,2,86.0,329.5,1102,16920,5001,UNIVERSIDAD NACIONAL DE COLOMBIA,ESTADISTICA,Antioquia,Medellín,Cercano,Presencial,Oficial,G8 Medellín,Universidad Nacional de Colombia - Medellín,UNAL Medellín,True
1102-16920-5001,2025,298.0,251.0,2,274.5,43.0,16.0,2,59.0,274.5,1102,16920,5001,UNIVERSIDAD NACIONAL DE COLOMBIA,ESTADISTICA,Antioquia,Medellín,Cercano,Presencial,Oficial,G8 Medellín,Universidad Nacional de Colombia - Medellín,UNAL Medellín,True
1103-110177-17001,2022,35.0,67.0,2,51.0,35.0,38.0,2,73.0,51.0,1103,110177,17001,UNIVERSIDAD NACIONAL DE COLOMBIA,CIENCIAS DE LA COMPUTACIÓN,Caldas,Manizales,Cercano,Presencial,Oficial,Resto del país,UNIVERSIDAD NACIONAL DE COLOMBIA,Universidad Nacional De Colombia,True
1103-110177-17001,2023,82.0,113.0,2,97.5,36.0,38.0,2,74.0,97.5,1103,110177,17001,UNIVERSIDAD NACIONAL DE COLOMBIA,CIENCIAS DE LA COMPUTACIÓN,Caldas,Manizales,Cercano,Presencial,Oficial,Resto del país,UNIVERSIDAD NACIONAL DE COLOMBIA,Universidad Nacional De Colombia,True
1103-110177-17001,2024,118.0,188.0,2,153.0,39.0,83.0,2,122.0,153.0,1103,110177,17001,UNIVERSIDAD NACIONAL DE COLOMBIA,CIENCIAS DE LA COMPUTACIÓN,Caldas,Manizales,Cercano,Presencial,Oficial,Resto del país,UNIVERSIDAD NACIONAL DE COLOMBIA,Universidad Nacional De Colombia,True
1103-110177-17001,2025,193.0,219.0,2,206.0,50.0,41.0,2,91.0,206.0,1103,110177,17001,UNIVERSIDAD NACIONAL DE COLOMBIA,CIENCIAS DE LA COMPUTACIÓN,Caldas,Manizales,Cercano,Presencial,Oficial,Resto del país,UNIVERSIDAD NACIONAL DE COLOMBIA,Universidad Nacional De Colombia,True
1103-116559-17001,2024,,18.0,1,18.0,,18.0,1,18.0,9.0,1103,116559,17001,UNIVERSIDAD NACIONAL DE COLOMBIA,Estadística,Caldas,Manizales,Cercano,Presencial,Oficial,Resto del país,UNIVERSIDAD NACIONAL DE COLOMBIA,Universidad Nacional De Colombia,True
1103-116559-17001,2025,37.0,33.0,2,35.0,22.0,7.0,2,29.0,35.0,1103,116559,17001,UNIVERSIDAD NACIONAL DE COLOMBIA,Estadística,Caldas,Manizales,Cercano,Presencial,Oficial,Resto del país,UNIVERSIDAD NACIONAL DE COLOMBIA,Universidad Nacional De Colombia,True
1113-103514-23001,2021,287.0,298.0,2,292.5,39.0,44.0,2,83.0,292.5,1113,103514,23001,UNIVERSIDAD DE CORDOBA,ESTADÍSTICA,Córdoba,Montería,Cercano,Presencial,Oficial,Resto del país,UNIVERSIDAD DE CORDOBA,Universidad De Cordoba,True
1113-103514-23001,2022,315.0,301.0,2,308.0,38.0,37.0,2,75.0,308.0,1113,103514,23001,UNIVERSIDAD DE CORDOBA,ESTADÍSTICA,Córdoba,Montería,Cercano,Presencial,Oficial,Resto del país,UNIVERSIDAD DE CORDOBA,Universidad De Cordoba,True
1113-103514-23001,2023,318.0,326.0,2,322.0,39.0,38.0,2,77.0,322.0,1113,103514,23001,UNIVERSIDAD DE CORDOBA,ESTADÍSTICA,Córdoba,Montería,Cercano,Presencial,Oficial,Resto del país,UNIVERSIDAD DE CORDOBA,Universidad De Cordoba,True
1113-103514-23001,2024,336.0,351.0,2,343.5,38.0,61.0,2,99.0,343.5,1113,103514,23001,UNIVERSIDAD DE CORDOBA,ESTADÍSTICA,Córdoba,Montería,Cercano,Presencial,Oficial,Resto del país,UNIVERSIDAD DE CORDOBA,Universidad De Cordoba,True
1113-103514-23001,2025,352.0,340.0,2,346.0,41.0,29.0,2,70.0,346.0,1113,103514,23001,UNIVERSIDAD DE CORDOBA,ESTADÍSTICA,Córdoba,Montería,Cercano,Presencial,Oficial,Resto del país,UNIVERSIDAD DE CORDOBA,Universidad De Cordoba,True
1113-8100-23001,2021,,1.0,1,1.0,,,0,,0.5,1113,8100,23001,UNIVERSIDAD DE CORDOBA,ESTADISTICA,Córdoba,Montería,Cercano,Presencial,OFICIAL,Resto del país,UNIVERSIDAD DE CORDOBA,Universidad De Cordoba,True
1201-101571-5001,2021,194.0,178.0,2,186.0,26.0,20.0,2,46.0,186.0,1201,101571,5001,UNIVERSIDAD DE ANTIOQUIA,ESTADÍSTICA,Antioquia,Medellín,Cercano,Presencial,Oficial,G8 Medellín,Universidad de Antioquia (UdeA),UdeA,True
1201-101571-5001,2022,170.0,6.0,2,88.0,29.0,6.0,2,35.0,88.0,1201,101571,5001,UNIVERSIDAD DE ANTIOQUIA,ESTADÍSTICA,Antioquia,Medellín,Cercano,Presencial,Oficial,G8 Medellín,Universidad de Antioquia (UdeA),UdeA,True
1201-101571-5001,2023,174.0,168.0,2,171.0,36.0,31.0,2,67.0,171.0,1201,101571,5001,UNIVERSIDAD DE ANTIOQUIA,ESTADÍSTICA,Antioquia,Medellín,Cercano,Presencial,Oficial,G8 Medellín,Universidad de Antioquia (UdeA),UdeA,True
1201-101571-5001,2024,167.0,177.0,2,172.0,39.0,38.0,2,77.0,172.0,1201,101571,5001,UNIVERSIDAD DE ANTIOQUIA,ESTADÍSTICA,Antioquia,Medellín,Cercano,Presencial,Oficial,G8 Medellín,Universidad de Antioquia (UdeA),UdeA,True
1201-101571-5001,2025,174.0,175.0,2,174.5,37.0,35.0,2,72.0,174.5,1201,101571,5001,UNIVERSIDAD DE ANTIOQUIA,ESTADÍSTICA,Antioquia,Medellín,Cercano,Presencial,Oficial,G8 Medellín,Universidad de Antioquia (UdeA),UdeA,True
1203-593-76001,2021,266.0,252.0,2,259.0,51.0,2.0,2,53.0,259.0,1203,593,76001,UNIVERSIDAD DEL VALLE,ESTADISTICA,Valle del Cauca,Santiago de Cali,Cercano,Presencial,Oficial,Resto del país,UNIVERSIDAD DEL VALLE,Universidad Del Valle,True
1203-593-76001,2022,267.0,236.0,2,251.5,50.0,,1,50.0,251.5,1203,593,76001,UNIVERSIDAD DEL VALLE,ESTADISTICA,Valle del Cauca,Santiago de Cali,Cercano,Presencial,Oficial,Resto del país,UNIVERSIDAD DEL VALLE,Universidad Del Valle,True
1203-593-76001,2023,275.0,219.0,2,247.0,53.0,,1,53.0,247.0,1203,593,76001,UNIVERSIDAD DEL VALLE,ESTADISTICA,Valle del Cauca,Santiago de Cali,Cercano,Presencial,Oficial,Resto del país,UNIVERSIDAD DEL VALLE,Universidad Del Valle,True
1203-593-76001,2024,255.0,203.0,2,229.0,64.0,,1,64.0,229.0,1203,593,76001,UNIVERSIDAD DEL VALLE,ESTADISTICA,Valle del Cauca,Santiago de Cali,Cercano,Presencial,Oficial,Resto del país,UNIVERSIDAD DEL VALLE,Universidad Del Valle,True
1203-593-76001,2025,221.0,206.0,2,213.5,53.0,,1,53.0,213.5,1203,593,76001,UNIVERSIDAD DEL VALLE,ESTADISTICA,Valle del Cauca,Santiago de Cali,Cercano,Presencial,Oficial,Resto del país,UNIVERSIDAD DEL VALLE,Universidad Del Valle,True
1204-117201-68001,2024,,64.0,1,64.0,,64.0,1,64.0,32.0,1204,117201,68001,UNIVERSIDAD INDUSTRIAL DE SANTANDER,Ingeniería en Ciencia de Datos,Santander,Bucaramanga,Directo,Presencial,Oficial,Resto del país,UNIVERSIDAD INDUSTRIAL DE SANTANDER,Universidad Industrial De Santander,True
1204-117201-68001,2025,111.0,164.0,2,137.5,64.0,64.0,2,128.0,137.5,1204,117201,68001,UNIVERSIDAD INDUSTRIAL DE SANTANDER,Ingeniería en Ciencia de Datos,Santander,Bucaramanga,Directo,Presencial,Oficial,Resto del país,UNIVERSIDAD INDUSTRIAL DE SANTANDER,Universidad Industrial De Santander,True
1207-3345-73001,2021,203.0,172.0,2,187.5,42.0,17.0,2,59.0,187.5,1207,3345,73001,UNIVERSIDAD DEL TOLIMA,MATEMATICAS CON ENFASIS EN ESTADISTICA,Tolima,Ibagué,Cercano,Presencial,Oficial,Resto del país,UNIVERSIDAD DEL TOLIMA,Universidad Del Tolima,True
1207-3345-73001,2022,179.0,176.0,2,177.5,35.0,22.0,2,57.0,177.5,1207,3345,73001,UNIVERSIDAD DEL TOLIMA,MATEMATICAS CON ENFASIS EN ESTADISTICA,Tolima,Ibagué,Cercano,Presencial,Oficial,Resto del país,UNIVERSIDAD DEL TOLIMA,Universidad Del Tolima,True
1207-3345-73001,2023,172.0,169.0,2,170.5,29.0,37.0,2,66.0,170.5,1207,3345,73001,UNIVERSIDAD DEL TOLIMA,MATEMATICAS CON ENFASIS EN ESTADISTICA,Tolima,Ibagué,Cercano,Presencial,Oficial,Resto del país,UNIVERSIDAD DEL TOLIMA,Universidad Del Tolima,True
1207-3345-73001,2024,158.0,137.0,2,147.5,22.0,23.0,2,45.0,147.5,1207,3345,73001,UNIVERSIDAD DEL TOLIMA,MATEMATICAS CON ENFASIS EN ESTADISTICA,Tolima,Ibagué,Cercano,Presencial,Oficial,Resto del país,UNIVERSIDAD DEL TOLIMA,Universidad Del Tolima,True
1207-3345-73001,2025,139.0,145.0,2,142.0,31.0,25.0,2,56.0,142.0,1207,3345,73001,UNIVERSIDAD DEL TOLIMA,MATEMATICAS CON ENFASIS EN ESTADISTICA,Tolima,Ibagué,Cercano,Presencial,Oficial,Resto del país,UNIVERSIDAD DEL TOLIMA,Universidad Del Tolima,True
1701-108890-11001,2021,39.0,62.0,2,50.5,31.0,27.0,2,58.0,50.5,1701,108890,11001,PONTIFICIA UNIVERSIDAD JAVERIANA,CIENCIA DE DATOS,"Bogotá, D.C.","Bogotá, D.C.",Directo,Presencial,Privado,Benchmark nacional,Pontificia Universidad Javeriana,Javeriana,True
1701-108890-11001,2022,88.0,125.0,2,106.5,30.0,44.0,2,74.0,106.5,1701,108890,11001,PONTIFICIA UNIVERSIDAD JAVERIANA,CIENCIA DE DATOS,"Bogotá, D.C.","Bogotá, D.C.",Directo,Presencial,Privado,Benchmark nacional,Pontificia Universidad Javeriana,Javeriana,True
1701-108890-11001,2023,144.0,169.0,2,156.5,30.0,32.0,2,62.0,156.5,1701,108890,11001,PONTIFICIA UNIVERSIDAD JAVERIANA,CIENCIA DE DATOS,"Bogotá, D.C.","Bogotá, D.C.",Directo,Presencial,Privado,Benchmark nacional,Pontificia Universidad Javeriana,Javeriana,True
1701-108890-11001,2024,188.0,234.0,2,211.0,27.0,56.0,2,83.0,211.0,1701,108890,11001,PONTIFICIA UNIVERSIDAD JAVERIANA,CIENCIA DE DATOS,"Bogotá, D.C.","Bogotá, D.C.",Directo,Presencial,Privado,Benchmark nacional,Pontificia Universidad Javeriana,Javeriana,True
1701-108890-11001,2025,275.0,306.0,2,290.5,57.0,49.0,2,106.0,290.5,1701,108890,11001,PONTIFICIA UNIVERSIDAD JAVERIANA,CIENCIA DE DATOS,"Bogotá, D.C.","Bogotá, D.C.",Directo,Presencial,Privado,Benchmark nacional,Pontificia Universidad Javeriana,Javeriana,True
1703-108038-11001,2022,8.0,4.0,2,6.0,8.0,,1,8.0,6.0,1703,108038,11001,UNIVERSIDAD INCCA DE COLOMBIA,ESTADISTICA,Bogotá D.C.,"Bogotá, D.C.",Cercano,Presencial,PRIVADA,Resto del país,UNIVERSIDAD INCCA DE COLOMBIA,Universidad Incca De Colombia,True
1704-52000-11001,2021,328.0,282.0,2,305.0,32.0,24.0,2,56.0,305.0,1704,52000,11001,UNIVERSIDAD SANTO TOMAS,ESTADÍSTICA,"Bogotá, D.C.","Bogotá, D.C.",Cercano,Presencial,Privado,Resto del país,UNIVERSIDAD SANTO TOMAS,Universidad Santo Tomas,True
1704-52000-11001,2022,305.0,296.0,2,300.5,35.0,16.0,2,51.0,300.5,1704,52000,11001,UNIVERSIDAD SANTO TOMAS,ESTADÍSTICA,"Bogotá, D.C.","Bogotá, D.C.",Cercano,Presencial,Privado,Resto del país,UNIVERSIDAD SANTO TOMAS,Universidad Santo Tomas,True
1704-52000-11001,2023,293.0,260.0,2,276.5,35.0,29.0,2,64.0,276.5,1704,52000,11001,UNIVERSIDAD SANTO TOMAS,ESTADÍSTICA,"Bogotá, D.C.","Bogotá, D.C.",Cercano,Presencial,Privado,Resto del país,UNIVERSIDAD SANTO TOMAS,Universidad Santo Tomas,True
1704-52000-11001,2024,277.0,250.0,2,263.5,33.0,22.0,2,55.0,263.5,1704,52000,11001,UNIVERSIDAD SANTO TOMAS,ESTADÍSTICA,"Bogotá, D.C.","Bogotá, D.C.",Cercano,Presencial,Privado,Resto del país,UNIVERSIDAD SANTO TOMAS,Universidad Santo Tomas,True
1704-52000-11001,2025,232.0,236.0,2,234.0,26.0,16.0,2,42.0,234.0,1704,52000,11001,UNIVERSIDAD SANTO TOMAS,ESTADÍSTICA,"Bogotá, D.C.","Bogotá, D.C.",Cercano,Presencial,Privado,Resto del país,UNIVERSIDAD SANTO TOMAS,Universidad Santo Tomas,True
1706-110032-11001,2022,33.0,55.0,2,44.0,33.0,24.0,2,57.0,44.0,1706,110032,11001,UNIVERSIDAD EXTERNADO DE COLOMBIA,CIENCIA DE DATOS,"Bogotá, D.C.","Bogotá, D.C.",Directo,Presencial,Privado,Resto del país,UNIVERSIDAD EXTERNADO DE COLOMBIA,Universidad Externado De Colombia,True
1706-110032-11001,2023,108.0,160.0,2,134.0,60.0,65.0,2,125.0,134.0,1706,110032,11001,UNIVERSIDAD EXTERNADO DE COLOMBIA,CIENCIA DE DATOS,"Bogotá, D.C.","Bogotá, D.C.",Directo,Presencial,Privado,Resto del país,UNIVERSIDAD EXTERNADO DE COLOMBIA,Universidad Externado De Colombia,True
1706-110032-11001,2024,205.0,219.0,2,212.0,56.0,25.0,2,81.0,212.0,1706,110032,11001,UNIVERSIDAD EXTERNADO DE COLOMBIA,CIENCIA DE DATOS,"Bogotá, D.C.","Bogotá, D.C.",Directo,Presencial,Privado,Resto del país,UNIVERSIDAD EXTERNADO DE COLOMBIA,Universidad Externado De Colombia,True
1706-110032-11001,2025,318.0,338.0,2,328.0,107.0,41.0,2,148.0,328.0,1706,110032,11001,UNIVERSIDAD EXTERNADO DE COLOMBIA,CIENCIA DE DATOS,"Bogotá, D.C.","Bogotá, D.C.",Directo,Presencial,Privado,Resto del país,UNIVERSIDAD EXTERNADO DE COLOMBIA,Universidad Externado De Colombia,True
1709-116928-11001,2024,,10.0,1,10.0,,18.0,1,18.0,5.0,1709,116928,11001,UNIVERSIDAD CENTRAL,CIENCIA DE DATOS,"Bogotá, D.C.","Bogotá, D.C.",Directo,Presencial,Privado,Resto del país,UNIVERSIDAD CENTRAL,Universidad Central,True
1709-116928-11001,2025,35.0,53.0,2,44.0,26.0,21.0,2,47.0,44.0,1709,116928,11001,UNIVERSIDAD CENTRAL,CIENCIA DE DATOS,"Bogotá, D.C.","Bogotá, D.C.",Directo,Presencial,Privado,Resto del país,UNIVERSIDAD CENTRAL,Universidad Central,True
1710-108578-5001,2021,38.0,44.0,2,41.0,25.0,12.0,2,37.0,41.0,1710,108578,5001,UNIVERSIDAD PONTIFICIA BOLIVARIANA,INGENIERÍA EN CIENCIA DE DATOS,Antioquia,Medellín,Directo,Presencial,Privado,G8 Medellín,Universidad Pontificia Bolivariana (UPB),UPB Medellín,True
1710-108578-5001,2022,56.0,64.0,2,60.0,20.0,14.0,2,34.0,60.0,1710,108578,5001,UNIVERSIDAD PONTIFICIA BOLIVARIANA,INGENIERÍA EN CIENCIA DE DATOS,Antioquia,Medellín,Directo,Presencial,Privado,G8 Medellín,Universidad Pontificia Bolivariana (UPB),UPB Medellín,True
1710-108578-5001,2023,73.0,92.0,2,82.5,17.0,24.0,2,41.0,82.5,1710,108578,5001,UNIVERSIDAD PONTIFICIA BOLIVARIANA,INGENIERÍA EN CIENCIA DE DATOS,Antioquia,Medellín,Directo,Presencial,Privado,G8 Medellín,Universidad Pontificia Bolivariana (UPB),UPB Medellín,True
1710-108578-5001,2024,117.0,130.0,2,123.5,31.0,18.0,2,49.0,123.5,1710,108578,5001,UNIVERSIDAD PONTIFICIA BOLIVARIANA,INGENIERÍA EN CIENCIA DE DATOS,Antioquia,Medellín,Directo,Presencial,Privado,G8 Medellín,Universidad Pontificia Bolivariana (UPB),UPB Medellín,True
1710-108578-5001,2025,158.0,178.0,2,168.0,37.0,25.0,2,62.0,168.0,1710,108578,5001,UNIVERSIDAD PONTIFICIA BOLIVARIANA,INGENIERÍA EN CIENCIA DE DATOS,Antioquia,Medellín,Directo,Presencial,Privado,G8 Medellín,Universidad Pontificia Bolivariana (UPB),UPB Medellín,True
1711-116091-25175,2024,46.0,83.0,2,64.5,46.0,39.0,2,85.0,64.5,1711,116091,25175,UNIVERSIDAD DE LA SABANA,Ciencia de Datos,Cundinamarca,Chía,Directo,Presencial-Virtual,Privado,Benchmark nacional,Universidad de La Sabana,La Sabana,True
1711-116091-25175,2025,140.0,167.0,2,153.5,54.0,29.0,2,83.0,153.5,1711,116091,25175,UNIVERSIDAD DE LA SABANA,Ciencia de Datos,Cundinamarca,Chía,Directo,Presencial-Virtual,Privado,Benchmark nacional,Universidad de La Sabana,La Sabana,True
1712-11498-5001,2021,165.0,158.0,2,161.5,25.0,11.0,2,36.0,161.5,1712,11498,5001,UNIVERSIDAD EAFIT-,INGENIERIA MATEMATICA,Antioquia,Medellín,Cercano,Presencial,Privado,G8 Medellín,Universidad EAFIT,EAFIT,True
1712-11498-5001,2022,167.0,170.0,2,168.5,27.0,19.0,2,46.0,168.5,1712,11498,5001,UNIVERSIDAD EAFIT-,INGENIERIA MATEMATICA,Antioquia,Medellín,Cercano,Presencial,Privado,G8 Medellín,Universidad EAFIT,EAFIT,True
1712-11498-5001,2023,187.0,181.0,2,184.0,33.0,17.0,2,50.0,184.0,1712,11498,5001,UNIVERSIDAD EAFIT-,INGENIERIA MATEMATICA,Antioquia,Medellín,Cercano,Presencial,Privado,G8 Medellín,Universidad EAFIT,EAFIT,True
1712-11498-5001,2024,183.0,165.0,2,174.0,18.0,13.0,2,31.0,174.0,1712,11498,5001,UNIVERSIDAD EAFIT-,INGENIERIA MATEMATICA,Antioquia,Medellín,Cercano,Presencial,Privado,G8 Medellín,Universidad EAFIT,EAFIT,True
1712-11498-5001,2025,179.0,167.0,2,173.0,32.0,14.0,2,46.0,173.0,1712,11498,5001,UNIVERSIDAD EAFIT-,INGENIERIA MATEMATICA,Antioquia,Medellín,Cercano,Presencial,Privado,G8 Medellín,Universidad EAFIT,EAFIT,True
1713-110172-8001,2021,,10.0,1,10.0,,10.0,1,10.0,5.0,1713,110172,8001,UNIVERSIDAD DEL NORTE,CIENCIA DE DATOS,Atlántico,Barranquilla,Directo,Presencial,Privado,Benchmark nacional,Universidad del Norte,Uninorte,True
1713-110172-8001,2022,36.0,50.0,2,43.0,28.0,20.0,2,48.0,43.0,1713,110172,8001,UNIVERSIDAD DEL NORTE,CIENCIA DE DATOS,Atlántico,Barranquilla,Directo,Presencial,Privado,Benchmark nacional,Universidad del Norte,Uninorte,True
1713-110172-8001,2023,81.0,98.0,2,89.5,34.0,25.0,2,59.0,89.5,1713,110172,8001,UNIVERSIDAD DEL NORTE,CIENCIA DE DATOS,Atlántico,Barranquilla,Directo,Presencial,Privado,Benchmark nacional,Universidad del Norte,Uninorte,True
1713-110172-8001,2024,127.0,139.0,2,133.0,33.0,18.0,2,51.0,133.0,1713,110172,8001,UNIVERSIDAD DEL NORTE,CIENCIA DE DATOS,Atlántico,Barranquilla,Directo,Presencial,Privado,Benchmark nacional,Universidad del Norte,Uninorte,True
1713-110172-8001,2025,171.0,188.0,2,179.5,45.0,24.0,2,69.0,179.5,1713,110172,8001,UNIVERSIDAD DEL NORTE,CIENCIA DE DATOS,Atlántico,Barranquilla,Directo,Presencial,Privado,Benchmark nacional,Universidad del Norte,Uninorte,True
1714-105653-11001,2021,219.0,232.0,2,225.5,46.0,35.0,2,81.0,225.5,1714,105653,11001,COLEGIO MAYOR DE NUESTRA SEÑORA DEL ROSARIO,MATEMÁTICAS APLICADAS Y CIENCIAS DE LA COMPUTACIÓN,"Bogotá, D.C.","Bogotá, D.C.",Cercano,Presencial,Privado,Benchmark nacional,Universidad del Rosario,Rosario,True
1714-105653-11001,2022,264.0,266.0,2,265.0,56.0,31.0,2,87.0,265.0,1714,105653,11001,COLEGIO MAYOR DE NUESTRA SEÑORA DEL ROSARIO,MATEMÁTICAS APLICADAS Y CIENCIAS DE LA COMPUTACIÓN,"Bogotá, D.C.","Bogotá, D.C.",Cercano,Presencial,Privado,Benchmark nacional,Universidad del Rosario,Rosario,True
1714-105653-11001,2023,290.0,276.0,2,283.0,52.0,35.0,2,87.0,283.0,1714,105653,11001,COLEGIO MAYOR DE NUESTRA SEÑORA DEL ROSARIO,MATEMÁTICAS APLICADAS Y CIENCIAS DE LA COMPUTACIÓN,"Bogotá, D.C.","Bogotá, D.C.",Cercano,Presencial,Privado,Benchmark nacional,Universidad del Rosario,Rosario,True
1714-105653-11001,2024,316.0,290.0,2,303.0,64.0,26.0,2,90.0,303.0,1714,105653,11001,COLEGIO MAYOR DE NUESTRA SEÑORA DEL ROSARIO,MATEMÁTICAS APLICADAS Y CIENCIAS DE LA COMPUTACIÓN,"Bogotá, D.C.","Bogotá, D.C.",Cercano,Presencial,Privado,Benchmark nacional,Universidad del Rosario,Rosario,True
1714-105653-11001,2025,300.0,274.0,2,287.0,37.0,15.0,2,52.0,287.0,1714,105653,11001,COLEGIO MAYOR DE NUESTRA SEÑORA DEL ROSARIO,MATEMÁTICAS APLICADAS Y CIENCIAS DE LA COMPUTACIÓN,"Bogotá, D.C.","Bogotá, D.C.",Cercano,Presencial,Privado,Benchmark nacional,Universidad del Rosario,Rosario,True
1715-107649-11001,2021,38.0,40.0,2,39.0,8.0,2.0,2,10.0,39.0,1715,107649,11001,FUNDACION UNIVERSIDAD DE AMERICA,ESTADISTICA Y CIENCIAS ACTUARIALES,"Bogotá, D.C.","Bogotá, D.C.",Cercano,Presencial,Privado,Resto del país,FUNDACION UNIVERSIDAD DE AMERICA,Fundacion Universidad De America,True
1715-107649-11001,2022,45.0,40.0,2,42.5,8.0,,1,8.0,42.5,1715,107649,11001,FUNDACION UNIVERSIDAD DE AMERICA,ESTADISTICA Y CIENCIAS ACTUARIALES,"Bogotá, D.C.","Bogotá, D.C.",Cercano,Presencial,Privado,Resto del país,FUNDACION UNIVERSIDAD DE AMERICA,Fundacion Universidad De America,True
1715-107649-11001,2023,44.0,35.0,2,39.5,4.0,1.0,2,5.0,39.5,1715,107649,11001,FUNDACION UNIVERSIDAD DE AMERICA,ESTADISTICA Y CIENCIAS ACTUARIALES,"Bogotá, D.C.","Bogotá, D.C.",Cercano,Presencial,Privado,Resto del país,FUNDACION UNIVERSIDAD DE AMERICA,Fundacion Universidad De America,True
1715-107649-11001,2024,26.0,22.0,2,24.0,2.0,,1,2.0,24.0,1715,107649,11001,FUNDACION UNIVERSIDAD DE AMERICA,ESTADISTICA Y CIENCIAS ACTUARIALES,"Bogotá, D.C.","Bogotá, D.C.",Cercano,Presencial,Privado,Resto del país,FUNDACION UNIVERSIDAD DE AMERICA,Fundacion Universidad De America,True
1715-107649-11001,2025,16.0,12.0,2,14.0,1.0,,1,1.0,14.0,1715,107649,11001,FUNDACION UNIVERSIDAD DE AMERICA,ESTADISTICA Y CIENCIAS ACTUARIALES,"Bogotá, D.C.","Bogotá, D.C.",Cercano,Presencial,Privado,Resto del país,FUNDACION UNIVERSIDAD DE AMERICA,Fundacion Universidad De America,True
1728-7773-11001,2021,322.0,336.0,2,329.0,53.0,50.0,2,103.0,329.0,1728,7773,11001,UNIVERSIDAD SERGIO ARBOLEDA,CIENCIAS DE LA COMPUTACIÓN E INTELIGENCIA ARTIFICIAL,"Bogotá, D.C.","Bogotá, D.C.",Cercano,Presencial,Privado,Resto del país,UNIVERSIDAD SERGIO ARBOLEDA,Universidad Sergio Arboleda,True
1728-7773-11001,2022,383.0,402.0,2,392.5,84.0,68.0,2,152.0,392.5,1728,7773,11001,UNIVERSIDAD SERGIO ARBOLEDA,CIENCIAS DE LA COMPUTACIÓN E INTELIGENCIA ARTIFICIAL,"Bogotá, D.C.","Bogotá, D.C.",Cercano,Presencial,Privado,Resto del país,UNIVERSIDAD SERGIO ARBOLEDA,Universidad Sergio Arboleda,True
1728-7773-11001,2023,353.0,341.0,2,347.0,33.0,38.0,2,71.0,347.0,1728,7773,11001,UNIVERSIDAD SERGIO ARBOLEDA,CIENCIAS DE LA COMPUTACIÓN E INTELIGENCIA ARTIFICIAL,"Bogotá, D.C.","Bogotá, D.C.",Cercano,Presencial,Privado,Resto del país,UNIVERSIDAD SERGIO ARBOLEDA,Universidad Sergio Arboleda,True
1728-7773-11001,2024,367.0,362.0,2,364.5,72.0,32.0,2,104.0,364.5,1728,7773,11001,UNIVERSIDAD SERGIO ARBOLEDA,CIENCIAS DE LA COMPUTACIÓN E INTELIGENCIA ARTIFICIAL,"Bogotá, D.C.","Bogotá, D.C.",Cercano,Presencial,Privado,Resto del país,UNIVERSIDAD SERGIO ARBOLEDA,Universidad Sergio Arboleda,True
1728-7773-11001,2025,414.0,439.0,2,426.5,85.0,66.0,2,151.0,426.5,1728,7773,11001,UNIVERSIDAD SERGIO ARBOLEDA,CIENCIAS DE LA COMPUTACIÓN E INTELIGENCIA ARTIFICIAL,"Bogotá, D.C.","Bogotá, D.C.",Cercano,Presencial,Privado,Resto del país,UNIVERSIDAD SERGIO ARBOLEDA,Universidad Sergio Arboleda,True
1729-103722-11001,2021,29.0,33.0,2,31.0,3.0,11.0,2,14.0,31.0,1729,103722,11001,UNIVERSIDAD EL BOSQUE,ESTADÍSTICA,"Bogotá, D.C.","Bogotá, D.C.",Cercano,Presencial,Privado,Resto del país,UNIVERSIDAD EL BOSQUE,Universidad El Bosque,True
1729-103722-11001,2022,43.0,36.0,2,39.5,16.0,5.0,2,21.0,39.5,1729,103722,11001,UNIVERSIDAD EL BOSQUE,ESTADÍSTICA,"Bogotá, D.C.","Bogotá, D.C.",Cercano,Presencial,Privado,Resto del país,UNIVERSIDAD EL BOSQUE,Universidad El Bosque,True
1729-103722-11001,2023,47.0,47.0,2,47.0,16.0,10.0,2,26.0,47.0,1729,103722,11001,UNIVERSIDAD EL BOSQUE,ESTADÍSTICA,"Bogotá, D.C.","Bogotá, D.C.",Cercano,Presencial,Privado,Resto del país,UNIVERSIDAD EL BOSQUE,Universidad El Bosque,True
1729-103722-11001,2024,47.0,56.0,2,51.5,6.0,13.0,2,19.0,51.5,1729,103722,11001,UNIVERSIDAD EL BOSQUE,ESTADÍSTICA,"Bogotá, D.C.","Bogotá, D.C.",Cercano,Presencial,Privado,Resto del país,UNIVERSIDAD EL BOSQUE,Universidad El Bosque,True
1729-103722-11001,2025,53.0,51.0,2,52.0,5.0,5.0,2,10.0,52.0,1729,103722,11001,UNIVERSIDAD EL BOSQUE,ESTADÍSTICA,"Bogotá, D.C.","Bogotá, D.C.",Cercano,Presencial,Privado,Resto del país,UNIVERSIDAD EL BOSQUE,Universidad El Bosque,True
1729-117549-11001,2025,9.0,25.0,2,17.0,1.0,14.0,2,15.0,17.0,1729,117549,11001,UNIVERSIDAD EL BOSQUE,Matemáticas y Ciencia de Datos,"Bogotá, D.C.","Bogotá, D.C.",Directo,Presencial,Privado,Resto del país,UNIVERSIDAD EL BOSQUE,Universidad El Bosque,True
1732-116280-11001,2025,,31.0,1,31.0,,31.0,1,31.0,15.5,1732,116280,11001,UNIVERSIDAD SANTO TOMAS,Ingeniería de Datos e Inteligencia Artificial,"Bogotá, D.C.","Bogotá, D.C.",Directo,Presencial,Privado,Resto del país,UNIVERSIDAD SANTO TOMAS,Universidad Santo Tomas,False
1732-116280-15001,2024,,28.0,1,28.0,,28.0,1,28.0,14.0,1732,116280,15001,UNIVERSIDAD SANTO TOMAS,Ingeniería de Datos e Inteligencia Artificial,Boyacá,Tunja,Directo,Presencial,Privado,Resto del país,UNIVERSIDAD SANTO TOMAS,Universidad Santo Tomas,False
1732-116280-15001,2025,98.0,128.0,2,113.0,75.0,37.0,2,112.0,113.0,1732,116280,15001,UNIVERSIDAD SANTO TOMAS,Ingeniería de Datos e Inteligencia Artificial,Boyacá,Tunja,Directo,Presencial,Privado,Resto del país,UNIVERSIDAD SANTO TOMAS,Universidad Santo Tomas,False
1803-116998-11001,2024,,17.0,1,17.0,,17.0,1,17.0,8.5,1803,116998,11001,UNIVERSIDAD DE LA SALLE,Ciencia de Datos,"Bogotá, D.C.","Bogotá, D.C.",Directo,Virtual,Privado,Resto del país,UNIVERSIDAD DE LA SALLE,Universidad De La Salle,True
1803-116998-11001,2025,90.0,174.0,2,132.0,77.0,98.0,2,175.0,132.0,1803,116998,11001,UNIVERSIDAD DE LA SALLE,Ciencia de Datos,"Bogotá, D.C.","Bogotá, D.C.",Directo,Virtual,Privado,Resto del país,UNIVERSIDAD DE LA SALLE,Universidad De La Salle,True
1806-116950-11001,2025,11.0,18.0,2,14.5,11.0,8.0,2,19.0,14.5,1806,116950,11001,UNIVERSIDAD LIBRE,Ingeniería en Ciencia de Datos,"Bogotá, D.C.","Bogotá, D.C.",Directo,Presencial,Privado,Resto del país,UNIVERSIDAD LIBRE,Universidad Libre,True
1812-103268-5001,2021,13.0,15.0,2,14.0,10.0,3.0,2,13.0,14.0,1812,103268,5001,UNIVERSIDAD DE MEDELLIN,COMPUTACIÓN CIENTÍFICA,Antioquia,Medellín,Cercano,Presencial,Privado,G8 Medellín,Universidad de Medellín,U. de Medellín,True
1812-103268-5001,2022,18.0,32.0,2,25.0,5.0,15.0,2,20.0,25.0,1812,103268,5001,UNIVERSIDAD DE MEDELLIN,COMPUTACIÓN CIENTÍFICA,Antioquia,Medellín,Cercano,Presencial,Privado,G8 Medellín,Universidad de Medellín,U. de Medellín,True
1812-103268-5001,2023,15.0,33.0,2,24.0,,18.0,1,18.0,24.0,1812,103268,5001,UNIVERSIDAD DE MEDELLIN,COMPUTACIÓN CIENTÍFICA,Antioquia,Medellín,Cercano,Presencial,Privado,G8 Medellín,Universidad de Medellín,U. de Medellín,True
1812-103268-5001,2024,26.0,50.0,2,38.0,10.0,27.0,2,37.0,38.0,1812,103268,5001,UNIVERSIDAD DE MEDELLIN,COMPUTACIÓN CIENTÍFICA,Antioquia,Medellín,Cercano,Presencial,Privado,G8 Medellín,Universidad de Medellín,U. de Medellín,True
1812-103268-5001,2025,46.0,64.0,2,55.0,18.0,24.0,2,42.0,55.0,1812,103268,5001,UNIVERSIDAD DE MEDELLIN,COMPUTACIÓN CIENTÍFICA,Antioquia,Medellín,Cercano,Presencial,Privado,G8 Medellín,Universidad de Medellín,U. de Medellín,True
1814-117607-5001,2025,2.0,10.0,2,6.0,2.0,8.0,2,10.0,6.0,1814,117607,5001,UNIVERSIDAD AUTONOMA LATINOAMERICANA-UNAULA-,INGENIERIA EN CIENCIA DE DATOS E INTELIGENCIA DE NEGOCIOS,Antioquia,Medellín,Directo,Presencial,Privado,Resto del país,UNIVERSIDAD AUTONOMA LATINOAMERICANA-UNAULA-,Universidad Autonoma Latinoamericana-Unaula-,True
1823-117735-68001,2025,,7.0,1,7.0,,7.0,1,7.0,3.5,1823,117735,68001,UNIVERSIDAD AUTONOMA DE BUCARAMANGA-UNAB-,Ciencia de Datos ,Santander,Bucaramanga,Directo,Presencial,Privado,Resto del país,UNIVERSIDAD AUTONOMA DE BUCARAMANGA-UNAB-,Universidad Autonoma De Bucaramanga-Unab-,True
1830-109940-76001,2021,,11.0,1,11.0,,11.0,1,11.0,5.5,1830,109940,76001,UNIVERSIDAD AUTONOMA DE OCCIDENTE,INGENIERÍA DE DATOS E INTELIGENCIA ARTIFICIAL,Valle del Cauca,Cali,Directo,Presencial,PRIVADA,Resto del país,UNIVERSIDAD AUTONOMA DE OCCIDENTE,Universidad Autonoma De Occidente,False
1830-109940-76001,2022,1.0,1.0,2,1.0,,,0,,1.0,1830,109940,76001,UNIVERSIDAD AUTONOMA DE OCCIDENTE,INGENIERÍA DE DATOS E INTELIGENCIA ARTIFICIAL,Valle del Cauca,Cali,Directo,Presencial,PRIVADA,Resto del país,UNIVERSIDAD AUTONOMA DE OCCIDENTE,Universidad Autonoma De Occidente,False
1830-110368-76001,2022,39.0,65.0,2,52.0,39.0,30.0,2,69.0,52.0,1830,110368,76001,UNIVERSIDAD AUTONOMA DE OCCIDENTE,INGENIERÍA DE DATOS E INTELIGENCIA ARTIFICIAL,Valle del Cauca,Santiago de Cali,Directo,Presencial-Virtual,Privado,Resto del país,UNIVERSIDAD AUTONOMA DE OCCIDENTE,Universidad Autonoma De Occidente,False
1830-110368-76001,2023,98.0,139.0,2,118.5,37.0,47.0,2,84.0,118.5,1830,110368,76001,UNIVERSIDAD AUTONOMA DE OCCIDENTE,INGENIERÍA DE DATOS E INTELIGENCIA ARTIFICIAL,Valle del Cauca,Santiago de Cali,Directo,Presencial-Virtual,Privado,Resto del país,UNIVERSIDAD AUTONOMA DE OCCIDENTE,Universidad Autonoma De Occidente,False
1830-110368-76001,2024,183.0,272.0,2,227.5,48.0,103.0,2,151.0,227.5,1830,110368,76001,UNIVERSIDAD AUTONOMA DE OCCIDENTE,INGENIERÍA DE DATOS E INTELIGENCIA ARTIFICIAL,Valle del Cauca,Santiago de Cali,Directo,Presencial-Virtual,Privado,Resto del país,UNIVERSIDAD AUTONOMA DE OCCIDENTE,Universidad Autonoma De Occidente,False
1830-110368-76001,2025,304.0,397.0,2,350.5,45.0,112.0,2,157.0,350.5,1830,110368,76001,UNIVERSIDAD AUTONOMA DE OCCIDENTE,INGENIERÍA DE DATOS E INTELIGENCIA ARTIFICIAL,Valle del Cauca,Santiago de Cali,Directo,Presencial-Virtual,Privado,Resto del país,UNIVERSIDAD AUTONOMA DE OCCIDENTE,Universidad Autonoma De Occidente,False
1832-116063-13001,2024,13.0,19.0,2,16.0,13.0,8.0,2,21.0,16.0,1832,116063,13001,UNIVERSIDAD TECNOLOGICA DE BOLIVAR,CIENCIA DE DATOS,Bolívar,Cartagena de Indias,Directo,Presencial,Privado,Resto del país,UNIVERSIDAD TECNOLOGICA DE BOLIVAR,Universidad Tecnologica De Bolivar,True
1832-116063-13001,2025,34.0,38.0,2,36.0,14.0,7.0,2,21.0,36.0,1832,116063,13001,UNIVERSIDAD TECNOLOGICA DE BOLIVAR,CIENCIA DE DATOS,Bolívar,Cartagena de Indias,Directo,Presencial,Privado,Resto del país,UNIVERSIDAD TECNOLOGICA DE BOLIVAR,Universidad Tecnologica De Bolivar,True
2209-117132-5001,2025,43.0,85.0,2,64.0,43.0,56.0,2,99.0,64.0,2209,117132,5001,POLITECNICO COLOMBIANO JAIME ISAZA CADAVID,Ingeniería en Ciencia de Datos,Antioquia,Medellín,Directo,Presencial,Oficial,Resto del país,POLITECNICO COLOMBIANO JAIME ISAZA CADAVID,Politecnico Colombiano Jaime Isaza Cadavid,True
2713-108275-11001,2021,35.0,43.0,2,39.0,9.0,14.0,2,23.0,39.0,2713,108275,11001,FUNDACION UNIVERSITARIA LOS LIBERTADORES,ESTADÍSTICA,"Bogotá, D.C.","Bogotá, D.C.",Cercano,Presencial,Privado,Resto del país,FUNDACION UNIVERSITARIA LOS LIBERTADORES,Fundacion Universitaria Los Libertadores,True
2713-108275-11001,2022,54.0,47.0,2,50.5,17.0,15.0,2,32.0,50.5,2713,108275,11001,FUNDACION UNIVERSITARIA LOS LIBERTADORES,ESTADÍSTICA,"Bogotá, D.C.","Bogotá, D.C.",Cercano,Presencial,Privado,Resto del país,FUNDACION UNIVERSITARIA LOS LIBERTADORES,Fundacion Universitaria Los Libertadores,True
2713-108275-11001,2023,63.0,74.0,2,68.5,19.0,14.0,2,33.0,68.5,2713,108275,11001,FUNDACION UNIVERSITARIA LOS LIBERTADORES,ESTADÍSTICA,"Bogotá, D.C.","Bogotá, D.C.",Cercano,Presencial,Privado,Resto del país,FUNDACION UNIVERSITARIA LOS LIBERTADORES,Fundacion Universitaria Los Libertadores,True
2713-108275-11001,2024,74.0,80.0,2,77.0,16.0,8.0,2,24.0,77.0,2713,108275,11001,FUNDACION UNIVERSITARIA LOS LIBERTADORES,ESTADÍSTICA,"Bogotá, D.C.","Bogotá, D.C.",Cercano,Presencial,Privado,Resto del país,FUNDACION UNIVERSITARIA LOS LIBERTADORES,Fundacion Universitaria Los Libertadores,True
2713-108275-11001,2025,100.0,101.0,2,100.5,27.0,17.0,2,44.0,100.5,2713,108275,11001,FUNDACION UNIVERSITARIA LOS LIBERTADORES,ESTADÍSTICA,"Bogotá, D.C.","Bogotá, D.C.",Cercano,Presencial,Privado,Resto del país,FUNDACION UNIVERSITARIA LOS LIBERTADORES,Fundacion Universitaria Los Libertadores,True
2725-110098-11001,2022,10.0,27.0,2,18.5,10.0,22.0,2,32.0,18.5,2725,110098,11001,POLITECNICO GRANCOLOMBIANO,INGENIERIA EN CIENCIA DE DATOS,"Bogotá, D.C.","Bogotá, D.C.",Directo,Presencial,Privado,Resto del país,POLITECNICO GRANCOLOMBIANO,Politecnico Grancolombiano,True
2725-110098-11001,2023,29.0,59.0,2,44.0,10.0,29.0,2,39.0,44.0,2725,110098,11001,POLITECNICO GRANCOLOMBIANO,INGENIERIA EN CIENCIA DE DATOS,"Bogotá, D.C.","Bogotá, D.C.",Directo,Presencial,Privado,Resto del país,POLITECNICO GRANCOLOMBIANO,Politecnico Grancolombiano,True
2725-110098-11001,2024,87.0,104.0,2,95.5,35.0,20.0,2,55.0,95.5,2725,110098,11001,POLITECNICO GRANCOLOMBIANO,INGENIERIA EN CIENCIA DE DATOS,"Bogotá, D.C.","Bogotá, D.C.",Directo,Presencial,Privado,Resto del país,POLITECNICO GRANCOLOMBIANO,Politecnico Grancolombiano,True
2725-110098-11001,2025,114.0,135.0,2,124.5,16.0,27.0,2,43.0,124.5,2725,110098,11001,POLITECNICO GRANCOLOMBIANO,INGENIERIA EN CIENCIA DE DATOS,"Bogotá, D.C.","Bogotá, D.C.",Directo,Presencial,Privado,Resto del país,POLITECNICO GRANCOLOMBIANO,Politecnico Grancolombiano,True
2745-110692-11001,2022,,14.0,1,14.0,,14.0,1,14.0,7.0,2745,110692,11001,FUNDACIÓN UNIVERSITARIA COMPENSAR,CIENCIA DE DATOS,"Bogotá, D.C.","Bogotá, D.C.",Directo,Presencial,Privado,Resto del país,FUNDACIÓN UNIVERSITARIA COMPENSAR,Fundación Universitaria Compensar,True
2745-110692-11001,2023,25.0,39.0,2,32.0,11.0,19.0,2,30.0,32.0,2745,110692,11001,FUNDACIÓN UNIVERSITARIA COMPENSAR,CIENCIA DE DATOS,"Bogotá, D.C.","Bogotá, D.C.",Directo,Presencial,Privado,Resto del país,FUNDACIÓN UNIVERSITARIA COMPENSAR,Fundación Universitaria Compensar,True
2745-110692-11001,2024,56.0,68.0,2,62.0,23.0,21.0,2,44.0,62.0,2745,110692,11001,FUNDACIÓN UNIVERSITARIA COMPENSAR,CIENCIA DE DATOS,"Bogotá, D.C.","Bogotá, D.C.",Directo,Presencial,Privado,Resto del país,FUNDACIÓN UNIVERSITARIA COMPENSAR,Fundación Universitaria Compensar,True
2745-110692-11001,2025,86.0,90.0,2,88.0,21.0,22.0,2,43.0,88.0,2745,110692,11001,FUNDACIÓN UNIVERSITARIA COMPENSAR,CIENCIA DE DATOS,"Bogotá, D.C.","Bogotá, D.C.",Directo,Presencial,Privado,Resto del país,FUNDACIÓN UNIVERSITARIA COMPENSAR,Fundación Universitaria Compensar,True
2745-111015-11001,2022,29.0,53.0,2,41.0,29.0,37.0,2,66.0,41.0,2745,111015,11001,FUNDACIÓN UNIVERSITARIA COMPENSAR,CIENCIA DE DATOS,"Bogotá, D.C.","Bogotá, D.C.",Directo,Virtual,Privado,Resto del país,FUNDACIÓN UNIVERSITARIA COMPENSAR,Fundación Universitaria Compensar,True
2745-111015-11001,2023,74.0,83.0,2,78.5,40.0,34.0,2,74.0,78.5,2745,111015,11001,FUNDACIÓN UNIVERSITARIA COMPENSAR,CIENCIA DE DATOS,"Bogotá, D.C.","Bogotá, D.C.",Directo,Virtual,Privado,Resto del país,FUNDACIÓN UNIVERSITARIA COMPENSAR,Fundación Universitaria Compensar,True
2745-111015-11001,2024,147.0,196.0,2,171.5,86.0,84.0,2,170.0,171.5,2745,111015,11001,FUNDACIÓN UNIVERSITARIA COMPENSAR,CIENCIA DE DATOS,"Bogotá, D.C.","Bogotá, D.C.",Directo,Virtual,Privado,Resto del país,FUNDACIÓN UNIVERSITARIA COMPENSAR,Fundación Universitaria Compensar,True
2745-111015-11001,2025,222.0,229.0,2,225.5,78.0,77.0,2,155.0,225.5,2745,111015,11001,FUNDACIÓN UNIVERSITARIA COMPENSAR,CIENCIA DE DATOS,"Bogotá, D.C.","Bogotá, D.C.",Directo,Virtual,Privado,Resto del país,FUNDACIÓN UNIVERSITARIA COMPENSAR,Fundación Universitaria Compensar,True
2805-108783-54001,2021,2.0,,1,2.0,2.0,,1,2.0,1.0,2805,108783,54001,UNIVERSIDAD SIMON BOLIVAR,MATEMATICAS Y CIENCIAS DE LA COMPUTACION,Norte De Santander,San José De Cúcuta,Cercano,Presencial,PRIVADA,Resto del país,UNIVERSIDAD SIMON BOLIVAR,Universidad Simon Bolivar,True
2805-116548-8001,2025,22.0,20.0,2,21.0,22.0,,1,22.0,21.0,2805,116548,8001,UNIVERSIDAD SIMON BOLIVAR,CIENCIA DE DATOS,Atlántico,Barranquilla,Directo,Presencial,Privado,Resto del país,UNIVERSIDAD SIMON BOLIVAR,Universidad Simon Bolivar,True
2811-109408-11001,2021,6.0,11.0,2,8.5,6.0,5.0,2,11.0,8.5,2811,109408,11001,UNIVERSIDAD ESCUELA COLOMBIANA DE INGENIERIA JULIO GARAVITO,INGENIERÍA ESTADÍSTICA,"Bogotá, D.C.","Bogotá, D.C.",Cercano,Presencial,Privado,Resto del país,UNIVERSIDAD ESCUELA COLOMBIANA DE INGENIERIA JULIO GARAVITO,Universidad Escuela Colombiana De Ingenieria Julio Garavito,True
2811-109408-11001,2022,27.0,33.0,2,30.0,16.0,9.0,2,25.0,30.0,2811,109408,11001,UNIVERSIDAD ESCUELA COLOMBIANA DE INGENIERIA JULIO GARAVITO,INGENIERÍA ESTADÍSTICA,"Bogotá, D.C.","Bogotá, D.C.",Cercano,Presencial,Privado,Resto del país,UNIVERSIDAD ESCUELA COLOMBIANA DE INGENIERIA JULIO GARAVITO,Universidad Escuela Colombiana De Ingenieria Julio Garavito,True
2811-109408-11001,2023,37.0,43.0,2,40.0,12.0,6.0,2,18.0,40.0,2811,109408,11001,UNIVERSIDAD ESCUELA COLOMBIANA DE INGENIERIA JULIO GARAVITO,INGENIERÍA ESTADÍSTICA,"Bogotá, D.C.","Bogotá, D.C.",Cercano,Presencial,Privado,Resto del país,UNIVERSIDAD ESCUELA COLOMBIANA DE INGENIERIA JULIO GARAVITO,Universidad Escuela Colombiana De Ingenieria Julio Garavito,True
2811-109408-11001,2024,50.0,55.0,2,52.5,10.0,11.0,2,21.0,52.5,2811,109408,11001,UNIVERSIDAD ESCUELA COLOMBIANA DE INGENIERIA JULIO GARAVITO,INGENIERÍA ESTADÍSTICA,"Bogotá, D.C.","Bogotá, D.C.",Cercano,Presencial,Privado,Resto del país,UNIVERSIDAD ESCUELA COLOMBIANA DE INGENIERIA JULIO GARAVITO,Universidad Escuela Colombiana De Ingenieria Julio Garavito,True
2811-109408-11001,2025,71.0,75.0,2,73.0,21.0,6.0,2,27.0,73.0,2811,109408,11001,UNIVERSIDAD ESCUELA COLOMBIANA DE INGENIERIA JULIO GARAVITO,INGENIERÍA ESTADÍSTICA,"Bogotá, D.C.","Bogotá, D.C.",Cercano,Presencial,Privado,Resto del país,UNIVERSIDAD ESCUELA COLOMBIANA DE INGENIERIA JULIO GARAVITO,Universidad Escuela Colombiana De Ingenieria Julio Garavito,True
2812-116226-11001,2024,,13.0,1,13.0,,13.0,1,13.0,6.5,2812,116226,11001,UNIVERSIDAD EAN,Ingeniería en Ciencia de Datos,"Bogotá, D.C.","Bogotá, D.C.",Directo,Presencial,Privado,Resto del país,UNIVERSIDAD EAN,Universidad Ean,True
2812-116226-11001,2025,40.0,59.0,2,49.5,27.0,27.0,2,54.0,49.5,2812,116226,11001,UNIVERSIDAD EAN,Ingeniería en Ciencia de Datos,"Bogotá, D.C.","Bogotá, D.C.",Directo,Presencial,Privado,Resto del país,UNIVERSIDAD EAN,Universidad Ean,True
2830-110672-11001,2022,23.0,54.0,2,38.5,23.0,40.0,2,63.0,38.5,2830,110672,11001,CORPORACION UNIVERSITARIA IBEROAMERICANA,INGENIERIA EN CIENCIA DE DATOS,"Bogotá, D.C.","Bogotá, D.C.",Directo,Virtual,Privado,Resto del país,CORPORACION UNIVERSITARIA IBEROAMERICANA,Corporacion Universitaria Iberoamericana,True
2830-110672-11001,2023,87.0,154.0,2,120.5,55.0,91.0,2,146.0,120.5,2830,110672,11001,CORPORACION UNIVERSITARIA IBEROAMERICANA,INGENIERIA EN CIENCIA DE DATOS,"Bogotá, D.C.","Bogotá, D.C.",Directo,Virtual,Privado,Resto del país,CORPORACION UNIVERSITARIA IBEROAMERICANA,Corporacion Universitaria Iberoamericana,True
2830-110672-11001,2024,206.0,261.0,2,233.5,96.0,92.0,2,188.0,233.5,2830,110672,11001,CORPORACION UNIVERSITARIA IBEROAMERICANA,INGENIERIA EN CIENCIA DE DATOS,"Bogotá, D.C.","Bogotá, D.C.",Directo,Virtual,Privado,Resto del país,CORPORACION UNIVERSITARIA IBEROAMERICANA,Corporacion Universitaria Iberoamericana,True
2830-110672-11001,2025,336.0,382.0,2,359.0,121.0,106.0,2,227.0,359.0,2830,110672,11001,CORPORACION UNIVERSITARIA IBEROAMERICANA,INGENIERIA EN CIENCIA DE DATOS,"Bogotá, D.C.","Bogotá, D.C.",Directo,Virtual,Privado,Resto del país,CORPORACION UNIVERSITARIA IBEROAMERICANA,Corporacion Universitaria Iberoamericana,True
2832-116912-68001,2025,10.0,31.0,2,20.5,10.0,22.0,2,32.0,20.5,2832,116912,68001,UNIVERSIDAD DE SANTANDER - UDES,Ingeniería en Ciencias de la Computación e Inteligencia Artificial,Santander,Bucaramanga,Cercano,Presencial,Privado,Resto del país,UNIVERSIDAD DE SANTANDER - UDES,Universidad De Santander - Udes,True
3117-117570-8001,2025,22.0,40.0,2,31.0,22.0,29.0,2,51.0,31.0,3117,117570,8001,INSTITUCIÓN UNIVERSITARIA DE BARRANQUILLA - IUB,Estadística,Atlántico,Barranquilla,Cercano,Presencial,Oficial,Resto del país,INSTITUCIÓN UNIVERSITARIA DE BARRANQUILLA - IUB,Institución Universitaria De Barranquilla - Iub,True
3117-117570-8758,2025,25.0,13.0,2,19.0,25.0,,1,25.0,19.0,3117,117570,8758,INSTITUCIÓN UNIVERSITARIA DE BARRANQUILLA - IUB,Estadística,Atlántico,Soledad,Cercano,Presencial,Oficial,Resto del país,INSTITUCIÓN UNIVERSITARIA DE BARRANQUILLA - IUB,Institución Universitaria De Barranquilla - Iub,True
3302-116314-5001,2024,,177.0,1,177.0,,177.0,1,177.0,88.5,3302,116314,5001,INSTITUCION UNIVERSITARIA - ITM,Ingeniería en Ciencia de Datos,Antioquia,Medellín,Directo,Presencial,Oficial,Resto del país,INSTITUCION UNIVERSITARIA - ITM,Institucion Universitaria - Itm,True
3302-116314-5001,2025,316.0,427.0,2,371.5,191.0,194.0,2,385.0,371.5,3302,116314,5001,INSTITUCION UNIVERSITARIA - ITM,Ingeniería en Ciencia de Datos,Antioquia,Medellín,Directo,Presencial,Oficial,Resto del país,INSTITUCION UNIVERSITARIA - ITM,Institucion Universitaria - Itm,True
5802-103713-11001,2021,48.0,53.0,2,50.5,14.0,6.0,2,20.0,50.5,5802,103713,11001,UNIVERSIDAD ECCI,ESTADÍSTICA,"Bogotá, D.C.","Bogotá, D.C.",Cercano,Presencial,Privado,Resto del país,UNIVERSIDAD ECCI,Universidad Ecci,True
5802-103713-11001,2022,45.0,53.0,2,49.0,4.0,9.0,2,13.0,49.0,5802,103713,11001,UNIVERSIDAD ECCI,ESTADÍSTICA,"Bogotá, D.C.","Bogotá, D.C.",Cercano,Presencial,Privado,Resto del país,UNIVERSIDAD ECCI,Universidad Ecci,True
5802-103713-11001,2023,60.0,67.0,2,63.5,11.0,5.0,2,16.0,63.5,5802,103713,11001,UNIVERSIDAD ECCI,ESTADÍSTICA,"Bogotá, D.C.","Bogotá, D.C.",Cercano,Presencial,Privado,Resto del país,UNIVERSIDAD ECCI,Universidad Ecci,True
5802-103713-11001,2024,66.0,53.0,2,59.5,9.0,,1,9.0,59.5,5802,103713,11001,UNIVERSIDAD ECCI,ESTADÍSTICA,"Bogotá, D.C.","Bogotá, D.C.",Cercano,Presencial,Privado,Resto del país,UNIVERSIDAD ECCI,Universidad Ecci,True
5802-103713-11001,2025,49.0,1.0,2,25.0,5.0,,1,5.0,25.0,5802,103713,11001,UNIVERSIDAD ECCI,ESTADÍSTICA,"Bogotá, D.C.","Bogotá, D.C.",Cercano,Presencial,Privado,Resto del país,UNIVERSIDAD ECCI,Universidad Ecci,True
5802-116523-11001,2024,,5.0,1,5.0,,5.0,1,5.0,2.5,5802,116523,11001,UNIVERSIDAD ECCI,Estadística,"Bogotá, D.C.","Bogotá, D.C.",Cercano,Presencial,Privado,Resto del país,UNIVERSIDAD ECCI,Universidad Ecci,True
5802-116523-11001,2025,9.0,52.0,2,30.5,9.0,43.0,2,52.0,30.5,5802,116523,11001,UNIVERSIDAD ECCI,Estadística,"Bogotá, D.C.","Bogotá, D.C.",Cercano,Presencial,Privado,Resto del país,UNIVERSIDAD ECCI,Universidad Ecci,True
9129-116136-11001,2024,12.0,23.0,2,17.5,12.0,15.0,2,27.0,17.5,9129,116136,11001,FUNDACION UNIVERSITARIA CAFAM -UNICAFAM,Ciencia de Datos,"Bogotá, D.C.","Bogotá, D.C.",Directo,Presencial,Privado,Resto del país,FUNDACION UNIVERSITARIA CAFAM -UNICAFAM,Fundacion Universitaria Cafam -Unicafam,True
9129-116136-11001,2025,63.0,101.0,2,82.0,42.0,47.0,2,89.0,82.0,9129,116136,11001,FUNDACION UNIVERSITARIA CAFAM -UNICAFAM,Ciencia de Datos,"Bogotá, D.C.","Bogotá, D.C.",Directo,Presencial,Privado,Resto del país,FUNDACION UNIVERSITARIA CAFAM -UNICAFAM,Fundacion Universitaria Cafam -Unicafam,True
9914-118129-11001,2025,,44.0,1,44.0,,44.0,1,44.0,22.0,9914,118129,11001,"ESEIT - ESCUELA SUPERIOR DE EMPRESA, INGENIERÍA Y TECNOLOGÍA",Ingeniería de Datos e Inteligencia Artificial,"Bogotá, D.C.","Bogotá, D.C.",Directo,Virtual,Privado,Resto del país,"ESEIT - ESCUELA SUPERIOR DE EMPRESA, INGENIERÍA Y TECNOLOGÍA","Eseit - Escuela Superior De Empresa, Ingeniería Y Tecnología",False
9933-108082-20621,2021,104.0,122.0,2,113.0,25.0,25.0,2,50.0,113.0,9933,108082,20621,UNIVERSIDAD NACIONAL DE COLOMBIA,ESTADÍSTICA,Cesar,La Paz,Cercano,Presencial,Oficial,Resto del país,UNIVERSIDAD NACIONAL DE COLOMBIA,Universidad Nacional De Colombia,True
9933-108082-20621,2022,146.0,159.0,2,152.5,30.0,23.0,2,53.0,152.5,9933,108082,20621,UNIVERSIDAD NACIONAL DE COLOMBIA,ESTADÍSTICA,Cesar,La Paz,Cercano,Presencial,Oficial,Resto del país,UNIVERSIDAD NACIONAL DE COLOMBIA,Universidad Nacional De Colombia,True
9933-108082-20621,2023,168.0,186.0,2,177.0,37.0,24.0,2,61.0,177.0,9933,108082,20621,UNIVERSIDAD NACIONAL DE COLOMBIA,ESTADÍSTICA,Cesar,La Paz,Cercano,Presencial,Oficial,Resto del país,UNIVERSIDAD NACIONAL DE COLOMBIA,Universidad Nacional De Colombia,True
9933-108082-20621,2024,198.0,176.0,2,187.0,20.0,14.0,2,34.0,187.0,9933,108082,20621,UNIVERSIDAD NACIONAL DE COLOMBIA,ESTADÍSTICA,Cesar,La Paz,Cercano,Presencial,Oficial,Resto del país,UNIVERSIDAD NACIONAL DE COLOMBIA,Universidad Nacional De Colombia,True
9933-108082-20621,2025,167.0,151.0,2,159.0,14.0,4.0,2,18.0,159.0,9933,108082,20621,UNIVERSIDAD NACIONAL DE COLOMBIA,ESTADÍSTICA,Cesar,La Paz,Cercano,Presencial,Oficial,Resto del país,UNIVERSIDAD NACIONAL DE COLOMBIA,Universidad Nacional De Colombia,True
