hoja,fila_excel,snies,universidad,municipio,indicador,excel,recalculado,diferencia,estado
Pais_2025,5,105653,Rosario,"Bogotá, D.C.",Matriculados 2025-1,300.0,300.0,0.0,Coincide
Pais_2025,5,105653,Rosario,"Bogotá, D.C.",Matriculados 2025-2,274.0,274.0,0.0,Coincide
Pais_2025,5,105653,Rosario,"Bogotá, D.C.",Matriculados promedio 2025,287.0,287.0,0.0,Coincide
Pais_2025,5,105653,Rosario,"Bogotá, D.C.",Nuevo ingreso 2025-1,37.0,37.0,0.0,Coincide
Pais_2025,5,105653,Rosario,"Bogotá, D.C.",Nuevo ingreso 2025-2,15.0,15.0,0.0,Coincide
Pais_2025,5,105653,Rosario,"Bogotá, D.C.",Nuevo ingreso 2025 (anual),52.0,52.0,0.0,Coincide
Pais_2025,6,107649,Fundacion Universidad De America,"Bogotá, D.C.",Matriculados 2025-1,16.0,16.0,0.0,Coincide
Pais_2025,6,107649,Fundacion Universidad De America,"Bogotá, D.C.",Matriculados 2025-2,12.0,12.0,0.0,Coincide
Pais_2025,6,107649,Fundacion Universidad De America,"Bogotá, D.C.",Matriculados promedio 2025,14.0,14.0,0.0,Coincide
Pais_2025,6,107649,Fundacion Universidad De America,"Bogotá, D.C.",Nuevo ingreso 2025-1,1.0,1.0,0.0,Coincide
Pais_2025,6,107649,Fundacion Universidad De America,"Bogotá, D.C.",Nuevo ingreso 2025-2,0.0,,,Sin registro fuente
Pais_2025,6,107649,Fundacion Universidad De America,"Bogotá, D.C.",Nuevo ingreso 2025 (anual),1.0,1.0,0.0,Coincide
Pais_2025,7,108275,Fundacion Universitaria Los Libertadores,"Bogotá, D.C.",Matriculados 2025-1,100.0,100.0,0.0,Coincide
Pais_2025,7,108275,Fundacion Universitaria Los Libertadores,"Bogotá, D.C.",Matriculados 2025-2,101.0,101.0,0.0,Coincide
Pais_2025,7,108275,Fundacion Universitaria Los Libertadores,"Bogotá, D.C.",Matriculados promedio 2025,100.5,100.5,0.0,Coincide
Pais_2025,7,108275,Fundacion Universitaria Los Libertadores,"Bogotá, D.C.",Nuevo ingreso 2025-1,27.0,27.0,0.0,Coincide
Pais_2025,7,108275,Fundacion Universitaria Los Libertadores,"Bogotá, D.C.",Nuevo ingreso 2025-2,17.0,17.0,0.0,Coincide
Pais_2025,7,108275,Fundacion Universitaria Los Libertadores,"Bogotá, D.C.",Nuevo ingreso 2025 (anual),44.0,44.0,0.0,Coincide
Pais_2025,8,117570,Institución Universitaria De Barranquilla - Iub,Barranquilla,Matriculados 2025-1,22.0,22.0,0.0,Coincide
Pais_2025,8,117570,Institución Universitaria De Barranquilla - Iub,Barranquilla,Matriculados 2025-2,40.0,40.0,0.0,Coincide
Pais_2025,8,117570,Institución Universitaria De Barranquilla - Iub,Barranquilla,Matriculados promedio 2025,31.0,31.0,0.0,Coincide
Pais_2025,8,117570,Institución Universitaria De Barranquilla - Iub,Barranquilla,Nuevo ingreso 2025-1,22.0,22.0,0.0,Coincide
Pais_2025,8,117570,Institución Universitaria De Barranquilla - Iub,Barranquilla,Nuevo ingreso 2025-2,29.0,29.0,0.0,Coincide
Pais_2025,8,117570,Institución Universitaria De Barranquilla - Iub,Barranquilla,Nuevo ingreso 2025 (anual),51.0,51.0,0.0,Coincide
Pais_2025,9,117570,Institución Universitaria De Barranquilla - Iub,Soledad,Matriculados 2025-1,25.0,25.0,0.0,Coincide
Pais_2025,9,117570,Institución Universitaria De Barranquilla - Iub,Soledad,Matriculados 2025-2,13.0,13.0,0.0,Coincide
Pais_2025,9,117570,Institución Universitaria De Barranquilla - Iub,Soledad,Matriculados promedio 2025,19.0,19.0,0.0,Coincide
Pais_2025,9,117570,Institución Universitaria De Barranquilla - Iub,Soledad,Nuevo ingreso 2025-1,25.0,25.0,0.0,Coincide
Pais_2025,9,117570,Institución Universitaria De Barranquilla - Iub,Soledad,Nuevo ingreso 2025-2,0.0,,,Sin registro fuente
Pais_2025,9,117570,Institución Universitaria De Barranquilla - Iub,Soledad,Nuevo ingreso 2025 (anual),25.0,25.0,0.0,Coincide
Pais_2025,10,101571,UdeA,Medellín,Matriculados 2025-1,174.0,174.0,0.0,Coincide
Pais_2025,10,101571,UdeA,Medellín,Matriculados 2025-2,175.0,175.0,0.0,Coincide
Pais_2025,10,101571,UdeA,Medellín,Matriculados promedio 2025,174.5,174.5,0.0,Coincide
Pais_2025,10,101571,UdeA,Medellín,Nuevo ingreso 2025-1,37.0,37.0,0.0,Coincide
Pais_2025,10,101571,UdeA,Medellín,Nuevo ingreso 2025-2,35.0,35.0,0.0,Coincide
Pais_2025,10,101571,UdeA,Medellín,Nuevo ingreso 2025 (anual),72.0,72.0,0.0,Coincide
Pais_2025,11,103514,Universidad De Cordoba,Montería,Matriculados 2025-1,352.0,352.0,0.0,Coincide
Pais_2025,11,103514,Universidad De Cordoba,Montería,Matriculados 2025-2,340.0,340.0,0.0,Coincide
Pais_2025,11,103514,Universidad De Cordoba,Montería,Matriculados promedio 2025,346.0,346.0,0.0,Coincide
Pais_2025,11,103514,Universidad De Cordoba,Montería,Nuevo ingreso 2025-1,41.0,41.0,0.0,Coincide
Pais_2025,11,103514,Universidad De Cordoba,Montería,Nuevo ingreso 2025-2,29.0,29.0,0.0,Coincide
Pais_2025,11,103514,Universidad De Cordoba,Montería,Nuevo ingreso 2025 (anual),70.0,70.0,0.0,Coincide
Pais_2025,12,103268,U. de Medellín,Medellín,Matriculados 2025-1,46.0,46.0,0.0,Coincide
Pais_2025,12,103268,U. de Medellín,Medellín,Matriculados 2025-2,64.0,64.0,0.0,Coincide
Pais_2025,12,103268,U. de Medellín,Medellín,Matriculados promedio 2025,55.0,55.0,0.0,Coincide
Pais_2025,12,103268,U. de Medellín,Medellín,Nuevo ingreso 2025-1,18.0,18.0,0.0,Coincide
Pais_2025,12,103268,U. de Medellín,Medellín,Nuevo ingreso 2025-2,24.0,24.0,0.0,Coincide
Pais_2025,12,103268,U. de Medellín,Medellín,Nuevo ingreso 2025 (anual),42.0,42.0,0.0,Coincide
Pais_2025,13,116912,Universidad De Santander - Udes,Bucaramanga,Matriculados 2025-1,10.0,10.0,0.0,Coincide
Pais_2025,13,116912,Universidad De Santander - Udes,Bucaramanga,Matriculados 2025-2,31.0,31.0,0.0,Coincide
Pais_2025,13,116912,Universidad De Santander - Udes,Bucaramanga,Matriculados promedio 2025,20.5,20.5,0.0,Coincide
Pais_2025,13,116912,Universidad De Santander - Udes,Bucaramanga,Nuevo ingreso 2025-1,10.0,10.0,0.0,Coincide
Pais_2025,13,116912,Universidad De Santander - Udes,Bucaramanga,Nuevo ingreso 2025-2,22.0,22.0,0.0,Coincide
Pais_2025,13,116912,Universidad De Santander - Udes,Bucaramanga,Nuevo ingreso 2025 (anual),32.0,32.0,0.0,Coincide
Pais_2025,14,3345,Universidad Del Tolima,Ibagué,Matriculados 2025-1,139.0,139.0,0.0,Coincide
Pais_2025,14,3345,Universidad Del Tolima,Ibagué,Matriculados 2025-2,145.0,145.0,0.0,Coincide
Pais_2025,14,3345,Universidad Del Tolima,Ibagué,Matriculados promedio 2025,142.0,142.0,0.0,Coincide
Pais_2025,14,3345,Universidad Del Tolima,Ibagué,Nuevo ingreso 2025-1,31.0,31.0,0.0,Coincide
Pais_2025,14,3345,Universidad Del Tolima,Ibagué,Nuevo ingreso 2025-2,25.0,25.0,0.0,Coincide
Pais_2025,14,3345,Universidad Del Tolima,Ibagué,Nuevo ingreso 2025 (anual),56.0,56.0,0.0,Coincide
Pais_2025,15,593,Universidad Del Valle,Santiago de Cali,Matriculados 2025-1,221.0,221.0,0.0,Coincide
Pais_2025,15,593,Universidad Del Valle,Santiago de Cali,Matriculados 2025-2,206.0,206.0,0.0,Coincide
Pais_2025,15,593,Universidad Del Valle,Santiago de Cali,Matriculados promedio 2025,213.5,213.5,0.0,Coincide
Pais_2025,15,593,Universidad Del Valle,Santiago de Cali,Nuevo ingreso 2025-1,53.0,53.0,0.0,Coincide
Pais_2025,15,593,Universidad Del Valle,Santiago de Cali,Nuevo ingreso 2025-2,0.0,,,Sin registro fuente
Pais_2025,15,593,Universidad Del Valle,Santiago de Cali,Nuevo ingreso 2025 (anual),53.0,53.0,0.0,Coincide
Pais_2025,16,11498,EAFIT,Medellín,Matriculados 2025-1,179.0,179.0,0.0,Coincide
Pais_2025,16,11498,EAFIT,Medellín,Matriculados 2025-2,167.0,167.0,0.0,Coincide
Pais_2025,16,11498,EAFIT,Medellín,Matriculados promedio 2025,173.0,173.0,0.0,Coincide
Pais_2025,16,11498,EAFIT,Medellín,Nuevo ingreso 2025-1,32.0,32.0,0.0,Coincide
Pais_2025,16,11498,EAFIT,Medellín,Nuevo ingreso 2025-2,14.0,14.0,0.0,Coincide
Pais_2025,16,11498,EAFIT,Medellín,Nuevo ingreso 2025 (anual),46.0,46.0,0.0,Coincide
Pais_2025,17,103713,Universidad Ecci,"Bogotá, D.C.",Matriculados 2025-1,49.0,49.0,0.0,Coincide
Pais_2025,17,103713,Universidad Ecci,"Bogotá, D.C.",Matriculados 2025-2,1.0,1.0,0.0,Coincide
Pais_2025,17,103713,Universidad Ecci,"Bogotá, D.C.",Matriculados promedio 2025,25.0,25.0,0.0,Coincide
Pais_2025,17,103713,Universidad Ecci,"Bogotá, D.C.",Nuevo ingreso 2025-1,5.0,5.0,0.0,Coincide
Pais_2025,17,103713,Universidad Ecci,"Bogotá, D.C.",Nuevo ingreso 2025-2,0.0,,,Sin registro fuente
Pais_2025,17,103713,Universidad Ecci,"Bogotá, D.C.",Nuevo ingreso 2025 (anual),5.0,5.0,0.0,Coincide
Pais_2025,18,116523,Universidad Ecci,"Bogotá, D.C.",Matriculados 2025-1,9.0,9.0,0.0,Coincide
Pais_2025,18,116523,Universidad Ecci,"Bogotá, D.C.",Matriculados 2025-2,52.0,52.0,0.0,Coincide
Pais_2025,18,116523,Universidad Ecci,"Bogotá, D.C.",Matriculados promedio 2025,30.5,30.5,0.0,Coincide
Pais_2025,18,116523,Universidad Ecci,"Bogotá, D.C.",Nuevo ingreso 2025-1,9.0,9.0,0.0,Coincide
Pais_2025,18,116523,Universidad Ecci,"Bogotá, D.C.",Nuevo ingreso 2025-2,43.0,43.0,0.0,Coincide
Pais_2025,18,116523,Universidad Ecci,"Bogotá, D.C.",Nuevo ingreso 2025 (anual),52.0,52.0,0.0,Coincide
Pais_2025,19,103722,Universidad El Bosque,"Bogotá, D.C.",Matriculados 2025-1,53.0,53.0,0.0,Coincide
Pais_2025,19,103722,Universidad El Bosque,"Bogotá, D.C.",Matriculados 2025-2,51.0,51.0,0.0,Coincide
Pais_2025,19,103722,Universidad El Bosque,"Bogotá, D.C.",Matriculados promedio 2025,52.0,52.0,0.0,Coincide
Pais_2025,19,103722,Universidad El Bosque,"Bogotá, D.C.",Nuevo ingreso 2025-1,5.0,5.0,0.0,Coincide
Pais_2025,19,103722,Universidad El Bosque,"Bogotá, D.C.",Nuevo ingreso 2025-2,5.0,5.0,0.0,Coincide
Pais_2025,19,103722,Universidad El Bosque,"Bogotá, D.C.",Nuevo ingreso 2025 (anual),10.0,10.0,0.0,Coincide
Pais_2025,20,109408,Universidad Escuela Colombiana De Ingenieria Julio Garavito,"Bogotá, D.C.",Matriculados 2025-1,71.0,71.0,0.0,Coincide
Pais_2025,20,109408,Universidad Escuela Colombiana De Ingenieria Julio Garavito,"Bogotá, D.C.",Matriculados 2025-2,75.0,75.0,0.0,Coincide
Pais_2025,20,109408,Universidad Escuela Colombiana De Ingenieria Julio Garavito,"Bogotá, D.C.",Matriculados promedio 2025,73.0,73.0,0.0,Coincide
Pais_2025,20,109408,Universidad Escuela Colombiana De Ingenieria Julio Garavito,"Bogotá, D.C.",Nuevo ingreso 2025-1,21.0,21.0,0.0,Coincide
Pais_2025,20,109408,Universidad Escuela Colombiana De Ingenieria Julio Garavito,"Bogotá, D.C.",Nuevo ingreso 2025-2,6.0,6.0,0.0,Coincide
Pais_2025,20,109408,Universidad Escuela Colombiana De Ingenieria Julio Garavito,"Bogotá, D.C.",Nuevo ingreso 2025 (anual),27.0,27.0,0.0,Coincide
Pais_2025,21,106341,UNAL Bogotá,"Bogotá, D.C.",Matriculados 2025-1,228.0,228.0,0.0,Coincide
Pais_2025,21,106341,UNAL Bogotá,"Bogotá, D.C.",Matriculados 2025-2,240.0,240.0,0.0,Coincide
Pais_2025,21,106341,UNAL Bogotá,"Bogotá, D.C.",Matriculados promedio 2025,234.0,234.0,0.0,Coincide
Pais_2025,21,106341,UNAL Bogotá,"Bogotá, D.C.",Nuevo ingreso 2025-1,26.0,26.0,0.0,Coincide
Pais_2025,21,106341,UNAL Bogotá,"Bogotá, D.C.",Nuevo ingreso 2025-2,39.0,39.0,0.0,Coincide
Pais_2025,21,106341,UNAL Bogotá,"Bogotá, D.C.",Nuevo ingreso 2025 (anual),65.0,65.0,0.0,Coincide
Pais_2025,22,110177,Universidad Nacional De Colombia,Manizales,Matriculados 2025-1,193.0,193.0,0.0,Coincide
Pais_2025,22,110177,Universidad Nacional De Colombia,Manizales,Matriculados 2025-2,219.0,219.0,0.0,Coincide
Pais_2025,22,110177,Universidad Nacional De Colombia,Manizales,Matriculados promedio 2025,206.0,206.0,0.0,Coincide
Pais_2025,22,110177,Universidad Nacional De Colombia,Manizales,Nuevo ingreso 2025-1,50.0,50.0,0.0,Coincide
Pais_2025,22,110177,Universidad Nacional De Colombia,Manizales,Nuevo ingreso 2025-2,41.0,41.0,0.0,Coincide
Pais_2025,22,110177,Universidad Nacional De Colombia,Manizales,Nuevo ingreso 2025 (anual),91.0,91.0,0.0,Coincide
Pais_2025,23,107447,UNAL Medellín,Medellín,Matriculados 2025-1,188.0,188.0,0.0,Coincide
Pais_2025,23,107447,UNAL Medellín,Medellín,Matriculados 2025-2,197.0,197.0,0.0,Coincide
Pais_2025,23,107447,UNAL Medellín,Medellín,Matriculados promedio 2025,192.5,192.5,0.0,Coincide
Pais_2025,23,107447,UNAL Medellín,Medellín,Nuevo ingreso 2025-1,32.0,32.0,0.0,Coincide
Pais_2025,23,107447,UNAL Medellín,Medellín,Nuevo ingreso 2025-2,34.0,34.0,0.0,Coincide
Pais_2025,23,107447,UNAL Medellín,Medellín,Nuevo ingreso 2025 (anual),66.0,66.0,0.0,Coincide
Pais_2025,24,32,UNAL Bogotá,"Bogotá, D.C.",Matriculados 2025-1,419.0,419.0,0.0,Coincide
Pais_2025,24,32,UNAL Bogotá,"Bogotá, D.C.",Matriculados 2025-2,397.0,397.0,0.0,Coincide
Pais_2025,24,32,UNAL Bogotá,"Bogotá, D.C.",Matriculados promedio 2025,408.0,408.0,0.0,Coincide
Pais_2025,24,32,UNAL Bogotá,"Bogotá, D.C.",Nuevo ingreso 2025-1,39.0,39.0,0.0,Coincide
Pais_2025,24,32,UNAL Bogotá,"Bogotá, D.C.",Nuevo ingreso 2025-2,33.0,33.0,0.0,Coincide
Pais_2025,24,32,UNAL Bogotá,"Bogotá, D.C.",Nuevo ingreso 2025 (anual),72.0,72.0,0.0,Coincide
Pais_2025,25,108082,Universidad Nacional De Colombia,La Paz,Matriculados 2025-1,167.0,167.0,0.0,Coincide
Pais_2025,25,108082,Universidad Nacional De Colombia,La Paz,Matriculados 2025-2,151.0,151.0,0.0,Coincide
Pais_2025,25,108082,Universidad Nacional De Colombia,La Paz,Matriculados promedio 2025,159.0,159.0,0.0,Coincide
Pais_2025,25,108082,Universidad Nacional De Colombia,La Paz,Nuevo ingreso 2025-1,14.0,14.0,0.0,Coincide
Pais_2025,25,108082,Universidad Nacional De Colombia,La Paz,Nuevo ingreso 2025-2,4.0,4.0,0.0,Coincide
Pais_2025,25,108082,Universidad Nacional De Colombia,La Paz,Nuevo ingreso 2025 (anual),18.0,18.0,0.0,Coincide
Pais_2025,26,116559,Universidad Nacional De Colombia,Manizales,Matriculados 2025-1,37.0,37.0,0.0,Coincide
Pais_2025,26,116559,Universidad Nacional De Colombia,Manizales,Matriculados 2025-2,33.0,33.0,0.0,Coincide
Pais_2025,26,116559,Universidad Nacional De Colombia,Manizales,Matriculados promedio 2025,35.0,35.0,0.0,Coincide
Pais_2025,26,116559,Universidad Nacional De Colombia,Manizales,Nuevo ingreso 2025-1,22.0,22.0,0.0,Coincide
Pais_2025,26,116559,Universidad Nacional De Colombia,Manizales,Nuevo ingreso 2025-2,7.0,7.0,0.0,Coincide
Pais_2025,26,116559,Universidad Nacional De Colombia,Manizales,Nuevo ingreso 2025 (anual),29.0,29.0,0.0,Coincide
Pais_2025,27,16920,UNAL Medellín,Medellín,Matriculados 2025-1,298.0,298.0,0.0,Coincide
Pais_2025,27,16920,UNAL Medellín,Medellín,Matriculados 2025-2,251.0,251.0,0.0,Coincide
Pais_2025,27,16920,UNAL Medellín,Medellín,Matriculados promedio 2025,274.5,274.5,0.0,Coincide
Pais_2025,27,16920,UNAL Medellín,Medellín,Nuevo ingreso 2025-1,43.0,43.0,0.0,Coincide
Pais_2025,27,16920,UNAL Medellín,Medellín,Nuevo ingreso 2025-2,16.0,16.0,0.0,Coincide
Pais_2025,27,16920,UNAL Medellín,Medellín,Nuevo ingreso 2025 (anual),59.0,59.0,0.0,Coincide
Pais_2025,28,52000,Universidad Santo Tomas,"Bogotá, D.C.",Matriculados 2025-1,232.0,232.0,0.0,Coincide
Pais_2025,28,52000,Universidad Santo Tomas,"Bogotá, D.C.",Matriculados 2025-2,236.0,236.0,0.0,Coincide
Pais_2025,28,52000,Universidad Santo Tomas,"Bogotá, D.C.",Matriculados promedio 2025,234.0,234.0,0.0,Coincide
Pais_2025,28,52000,Universidad Santo Tomas,"Bogotá, D.C.",Nuevo ingreso 2025-1,26.0,26.0,0.0,Coincide
Pais_2025,28,52000,Universidad Santo Tomas,"Bogotá, D.C.",Nuevo ingreso 2025-2,16.0,16.0,0.0,Coincide
Pais_2025,28,52000,Universidad Santo Tomas,"Bogotá, D.C.",Nuevo ingreso 2025 (anual),42.0,42.0,0.0,Coincide
Pais_2025,29,7773,Universidad Sergio Arboleda,"Bogotá, D.C.",Matriculados 2025-1,414.0,414.0,0.0,Coincide
Pais_2025,29,7773,Universidad Sergio Arboleda,"Bogotá, D.C.",Matriculados 2025-2,439.0,439.0,0.0,Coincide
Pais_2025,29,7773,Universidad Sergio Arboleda,"Bogotá, D.C.",Matriculados promedio 2025,426.5,426.5,0.0,Coincide
Pais_2025,29,7773,Universidad Sergio Arboleda,"Bogotá, D.C.",Nuevo ingreso 2025-1,85.0,85.0,0.0,Coincide
Pais_2025,29,7773,Universidad Sergio Arboleda,"Bogotá, D.C.",Nuevo ingreso 2025-2,66.0,66.0,0.0,Coincide
Pais_2025,29,7773,Universidad Sergio Arboleda,"Bogotá, D.C.",Nuevo ingreso 2025 (anual),151.0,151.0,0.0,Coincide
Pais_2025,30,110672,Corporacion Universitaria Iberoamericana,"Bogotá, D.C.",Matriculados 2025-1,336.0,336.0,0.0,Coincide
Pais_2025,30,110672,Corporacion Universitaria Iberoamericana,"Bogotá, D.C.",Matriculados 2025-2,382.0,382.0,0.0,Coincide
Pais_2025,30,110672,Corporacion Universitaria Iberoamericana,"Bogotá, D.C.",Matriculados promedio 2025,359.0,359.0,0.0,Coincide
Pais_2025,30,110672,Corporacion Universitaria Iberoamericana,"Bogotá, D.C.",Nuevo ingreso 2025-1,121.0,121.0,0.0,Coincide
Pais_2025,30,110672,Corporacion Universitaria Iberoamericana,"Bogotá, D.C.",Nuevo ingreso 2025-2,106.0,106.0,0.0,Coincide
Pais_2025,30,110672,Corporacion Universitaria Iberoamericana,"Bogotá, D.C.",Nuevo ingreso 2025 (anual),227.0,227.0,0.0,Coincide
Pais_2025,31,116136,Fundacion Universitaria Cafam -Unicafam,"Bogotá, D.C.",Matriculados 2025-1,63.0,63.0,0.0,Coincide
Pais_2025,31,116136,Fundacion Universitaria Cafam -Unicafam,"Bogotá, D.C.",Matriculados 2025-2,101.0,101.0,0.0,Coincide
Pais_2025,31,116136,Fundacion Universitaria Cafam -Unicafam,"Bogotá, D.C.",Matriculados promedio 2025,82.0,82.0,0.0,Coincide
Pais_2025,31,116136,Fundacion Universitaria Cafam -Unicafam,"Bogotá, D.C.",Nuevo ingreso 2025-1,42.0,42.0,0.0,Coincide
Pais_2025,31,116136,Fundacion Universitaria Cafam -Unicafam,"Bogotá, D.C.",Nuevo ingreso 2025-2,47.0,47.0,0.0,Coincide
Pais_2025,31,116136,Fundacion Universitaria Cafam -Unicafam,"Bogotá, D.C.",Nuevo ingreso 2025 (anual),89.0,89.0,0.0,Coincide
Pais_2025,32,111015,Fundación Universitaria Compensar,"Bogotá, D.C.",Matriculados 2025-1,222.0,222.0,0.0,Coincide
Pais_2025,32,111015,Fundación Universitaria Compensar,"Bogotá, D.C.",Matriculados 2025-2,229.0,229.0,0.0,Coincide
Pais_2025,32,111015,Fundación Universitaria Compensar,"Bogotá, D.C.",Matriculados promedio 2025,225.5,225.5,0.0,Coincide
Pais_2025,32,111015,Fundación Universitaria Compensar,"Bogotá, D.C.",Nuevo ingreso 2025-1,78.0,78.0,0.0,Coincide
Pais_2025,32,111015,Fundación Universitaria Compensar,"Bogotá, D.C.",Nuevo ingreso 2025-2,77.0,77.0,0.0,Coincide
Pais_2025,32,111015,Fundación Universitaria Compensar,"Bogotá, D.C.",Nuevo ingreso 2025 (anual),155.0,155.0,0.0,Coincide
Pais_2025,33,110692,Fundación Universitaria Compensar,"Bogotá, D.C.",Matriculados 2025-1,86.0,86.0,0.0,Coincide
Pais_2025,33,110692,Fundación Universitaria Compensar,"Bogotá, D.C.",Matriculados 2025-2,90.0,90.0,0.0,Coincide
Pais_2025,33,110692,Fundación Universitaria Compensar,"Bogotá, D.C.",Matriculados promedio 2025,88.0,88.0,0.0,Coincide
Pais_2025,33,110692,Fundación Universitaria Compensar,"Bogotá, D.C.",Nuevo ingreso 2025-1,21.0,21.0,0.0,Coincide
Pais_2025,33,110692,Fundación Universitaria Compensar,"Bogotá, D.C.",Nuevo ingreso 2025-2,22.0,22.0,0.0,Coincide
Pais_2025,33,110692,Fundación Universitaria Compensar,"Bogotá, D.C.",Nuevo ingreso 2025 (anual),43.0,43.0,0.0,Coincide
Pais_2025,34,116314,Institucion Universitaria - Itm,Medellín,Matriculados 2025-1,316.0,316.0,0.0,Coincide
Pais_2025,34,116314,Institucion Universitaria - Itm,Medellín,Matriculados 2025-2,427.0,427.0,0.0,Coincide
Pais_2025,34,116314,Institucion Universitaria - Itm,Medellín,Matriculados promedio 2025,371.5,371.5,0.0,Coincide
Pais_2025,34,116314,Institucion Universitaria - Itm,Medellín,Nuevo ingreso 2025-1,191.0,191.0,0.0,Coincide
Pais_2025,34,116314,Institucion Universitaria - Itm,Medellín,Nuevo ingreso 2025-2,194.0,194.0,0.0,Coincide
Pais_2025,34,116314,Institucion Universitaria - Itm,Medellín,Nuevo ingreso 2025 (anual),385.0,385.0,0.0,Coincide
Pais_2025,35,117132,Politecnico Colombiano Jaime Isaza Cadavid,Medellín,Matriculados 2025-1,43.0,43.0,0.0,Coincide
Pais_2025,35,117132,Politecnico Colombiano Jaime Isaza Cadavid,Medellín,Matriculados 2025-2,85.0,85.0,0.0,Coincide
Pais_2025,35,117132,Politecnico Colombiano Jaime Isaza Cadavid,Medellín,Matriculados promedio 2025,64.0,64.0,0.0,Coincide
Pais_2025,35,117132,Politecnico Colombiano Jaime Isaza Cadavid,Medellín,Nuevo ingreso 2025-1,43.0,43.0,0.0,Coincide
Pais_2025,35,117132,Politecnico Colombiano Jaime Isaza Cadavid,Medellín,Nuevo ingreso 2025-2,56.0,56.0,0.0,Coincide
Pais_2025,35,117132,Politecnico Colombiano Jaime Isaza Cadavid,Medellín,Nuevo ingreso 2025 (anual),99.0,99.0,0.0,Coincide
Pais_2025,36,110098,Politecnico Grancolombiano,"Bogotá, D.C.",Matriculados 2025-1,114.0,114.0,0.0,Coincide
Pais_2025,36,110098,Politecnico Grancolombiano,"Bogotá, D.C.",Matriculados 2025-2,135.0,135.0,0.0,Coincide
Pais_2025,36,110098,Politecnico Grancolombiano,"Bogotá, D.C.",Matriculados promedio 2025,124.5,124.5,0.0,Coincide
Pais_2025,36,110098,Politecnico Grancolombiano,"Bogotá, D.C.",Nuevo ingreso 2025-1,16.0,16.0,0.0,Coincide
Pais_2025,36,110098,Politecnico Grancolombiano,"Bogotá, D.C.",Nuevo ingreso 2025-2,27.0,27.0,0.0,Coincide
Pais_2025,36,110098,Politecnico Grancolombiano,"Bogotá, D.C.",Nuevo ingreso 2025 (anual),43.0,43.0,0.0,Coincide
Pais_2025,37,108890,Javeriana,"Bogotá, D.C.",Matriculados 2025-1,275.0,275.0,0.0,Coincide
Pais_2025,37,108890,Javeriana,"Bogotá, D.C.",Matriculados 2025-2,306.0,306.0,0.0,Coincide
Pais_2025,37,108890,Javeriana,"Bogotá, D.C.",Matriculados promedio 2025,290.5,290.5,0.0,Coincide
Pais_2025,37,108890,Javeriana,"Bogotá, D.C.",Nuevo ingreso 2025-1,57.0,57.0,0.0,Coincide
Pais_2025,37,108890,Javeriana,"Bogotá, D.C.",Nuevo ingreso 2025-2,49.0,49.0,0.0,Coincide
Pais_2025,37,108890,Javeriana,"Bogotá, D.C.",Nuevo ingreso 2025 (anual),106.0,106.0,0.0,Coincide
Pais_2025,38,117735,Universidad Autonoma De Bucaramanga-Unab-,Bucaramanga,Matriculados 2025-1,0.0,,,Sin registro fuente
Pais_2025,38,117735,Universidad Autonoma De Bucaramanga-Unab-,Bucaramanga,Matriculados 2025-2,7.0,7.0,0.0,Coincide
Pais_2025,38,117735,Universidad Autonoma De Bucaramanga-Unab-,Bucaramanga,Matriculados promedio 2025,3.5,3.5,0.0,Coincide
Pais_2025,38,117735,Universidad Autonoma De Bucaramanga-Unab-,Bucaramanga,Nuevo ingreso 2025-1,0.0,,,Sin registro fuente
Pais_2025,38,117735,Universidad Autonoma De Bucaramanga-Unab-,Bucaramanga,Nuevo ingreso 2025-2,7.0,7.0,0.0,Coincide
Pais_2025,38,117735,Universidad Autonoma De Bucaramanga-Unab-,Bucaramanga,Nuevo ingreso 2025 (anual),7.0,7.0,0.0,Coincide
Pais_2025,39,117607,Universidad Autonoma Latinoamericana-Unaula-,Medellín,Matriculados 2025-1,2.0,2.0,0.0,Coincide
Pais_2025,39,117607,Universidad Autonoma Latinoamericana-Unaula-,Medellín,Matriculados 2025-2,10.0,10.0,0.0,Coincide
Pais_2025,39,117607,Universidad Autonoma Latinoamericana-Unaula-,Medellín,Matriculados promedio 2025,6.0,6.0,0.0,Coincide
Pais_2025,39,117607,Universidad Autonoma Latinoamericana-Unaula-,Medellín,Nuevo ingreso 2025-1,2.0,2.0,0.0,Coincide
Pais_2025,39,117607,Universidad Autonoma Latinoamericana-Unaula-,Medellín,Nuevo ingreso 2025-2,8.0,8.0,0.0,Coincide
Pais_2025,39,117607,Universidad Autonoma Latinoamericana-Unaula-,Medellín,Nuevo ingreso 2025 (anual),10.0,10.0,0.0,Coincide
Pais_2025,40,116928,Universidad Central,"Bogotá, D.C.",Matriculados 2025-1,35.0,35.0,0.0,Coincide
Pais_2025,40,116928,Universidad Central,"Bogotá, D.C.",Matriculados 2025-2,53.0,53.0,0.0,Coincide
Pais_2025,40,116928,Universidad Central,"Bogotá, D.C.",Matriculados promedio 2025,44.0,44.0,0.0,Coincide
Pais_2025,40,116928,Universidad Central,"Bogotá, D.C.",Nuevo ingreso 2025-1,26.0,26.0,0.0,Coincide
Pais_2025,40,116928,Universidad Central,"Bogotá, D.C.",Nuevo ingreso 2025-2,21.0,21.0,0.0,Coincide
Pais_2025,40,116928,Universidad Central,"Bogotá, D.C.",Nuevo ingreso 2025 (anual),47.0,47.0,0.0,Coincide
Pais_2025,41,116091,La Sabana,Chía,Matriculados 2025-1,140.0,140.0,0.0,Coincide
Pais_2025,41,116091,La Sabana,Chía,Matriculados 2025-2,167.0,167.0,0.0,Coincide
Pais_2025,41,116091,La Sabana,Chía,Matriculados promedio 2025,153.5,153.5,0.0,Coincide
Pais_2025,41,116091,La Sabana,Chía,Nuevo ingreso 2025-1,54.0,54.0,0.0,Coincide
Pais_2025,41,116091,La Sabana,Chía,Nuevo ingreso 2025-2,29.0,29.0,0.0,Coincide
Pais_2025,41,116091,La Sabana,Chía,Nuevo ingreso 2025 (anual),83.0,83.0,0.0,Coincide
Pais_2025,42,116998,Universidad De La Salle,"Bogotá, D.C.",Matriculados 2025-1,90.0,90.0,0.0,Coincide
Pais_2025,42,116998,Universidad De La Salle,"Bogotá, D.C.",Matriculados 2025-2,174.0,174.0,0.0,Coincide
Pais_2025,42,116998,Universidad De La Salle,"Bogotá, D.C.",Matriculados promedio 2025,132.0,132.0,0.0,Coincide
Pais_2025,42,116998,Universidad De La Salle,"Bogotá, D.C.",Nuevo ingreso 2025-1,77.0,77.0,0.0,Coincide
Pais_2025,42,116998,Universidad De La Salle,"Bogotá, D.C.",Nuevo ingreso 2025-2,98.0,98.0,0.0,Coincide
Pais_2025,42,116998,Universidad De La Salle,"Bogotá, D.C.",Nuevo ingreso 2025 (anual),175.0,175.0,0.0,Coincide
Pais_2025,43,110172,Uninorte,Barranquilla,Matriculados 2025-1,171.0,171.0,0.0,Coincide
Pais_2025,43,110172,Uninorte,Barranquilla,Matriculados 2025-2,188.0,188.0,0.0,Coincide
Pais_2025,43,110172,Uninorte,Barranquilla,Matriculados promedio 2025,179.5,179.5,0.0,Coincide
Pais_2025,43,110172,Uninorte,Barranquilla,Nuevo ingreso 2025-1,45.0,45.0,0.0,Coincide
Pais_2025,43,110172,Uninorte,Barranquilla,Nuevo ingreso 2025-2,24.0,24.0,0.0,Coincide
Pais_2025,43,110172,Uninorte,Barranquilla,Nuevo ingreso 2025 (anual),69.0,69.0,0.0,Coincide
Pais_2025,44,116226,Universidad Ean,"Bogotá, D.C.",Matriculados 2025-1,40.0,40.0,0.0,Coincide
Pais_2025,44,116226,Universidad Ean,"Bogotá, D.C.",Matriculados 2025-2,59.0,59.0,0.0,Coincide
Pais_2025,44,116226,Universidad Ean,"Bogotá, D.C.",Matriculados promedio 2025,49.5,49.5,0.0,Coincide
Pais_2025,44,116226,Universidad Ean,"Bogotá, D.C.",Nuevo ingreso 2025-1,27.0,27.0,0.0,Coincide
Pais_2025,44,116226,Universidad Ean,"Bogotá, D.C.",Nuevo ingreso 2025-2,27.0,27.0,0.0,Coincide
Pais_2025,44,116226,Universidad Ean,"Bogotá, D.C.",Nuevo ingreso 2025 (anual),54.0,54.0,0.0,Coincide
Pais_2025,45,117549,Universidad El Bosque,"Bogotá, D.C.",Matriculados 2025-1,9.0,9.0,0.0,Coincide
Pais_2025,45,117549,Universidad El Bosque,"Bogotá, D.C.",Matriculados 2025-2,25.0,25.0,0.0,Coincide
Pais_2025,45,117549,Universidad El Bosque,"Bogotá, D.C.",Matriculados promedio 2025,17.0,17.0,0.0,Coincide
Pais_2025,45,117549,Universidad El Bosque,"Bogotá, D.C.",Nuevo ingreso 2025-1,1.0,1.0,0.0,Coincide
Pais_2025,45,117549,Universidad El Bosque,"Bogotá, D.C.",Nuevo ingreso 2025-2,14.0,14.0,0.0,Coincide
Pais_2025,45,117549,Universidad El Bosque,"Bogotá, D.C.",Nuevo ingreso 2025 (anual),15.0,15.0,0.0,Coincide
Pais_2025,46,110032,Universidad Externado De Colombia,"Bogotá, D.C.",Matriculados 2025-1,318.0,318.0,0.0,Coincide
Pais_2025,46,110032,Universidad Externado De Colombia,"Bogotá, D.C.",Matriculados 2025-2,338.0,338.0,0.0,Coincide
Pais_2025,46,110032,Universidad Externado De Colombia,"Bogotá, D.C.",Matriculados promedio 2025,328.0,328.0,0.0,Coincide
Pais_2025,46,110032,Universidad Externado De Colombia,"Bogotá, D.C.",Nuevo ingreso 2025-1,107.0,107.0,0.0,Coincide
Pais_2025,46,110032,Universidad Externado De Colombia,"Bogotá, D.C.",Nuevo ingreso 2025-2,41.0,41.0,0.0,Coincide
Pais_2025,46,110032,Universidad Externado De Colombia,"Bogotá, D.C.",Nuevo ingreso 2025 (anual),148.0,148.0,0.0,Coincide
Pais_2025,47,117201,Universidad Industrial De Santander,Bucaramanga,Matriculados 2025-1,111.0,111.0,0.0,Coincide
Pais_2025,47,117201,Universidad Industrial De Santander,Bucaramanga,Matriculados 2025-2,164.0,164.0,0.0,Coincide
Pais_2025,47,117201,Universidad Industrial De Santander,Bucaramanga,Matriculados promedio 2025,137.5,137.5,0.0,Coincide
Pais_2025,47,117201,Universidad Industrial De Santander,Bucaramanga,Nuevo ingreso 2025-1,64.0,64.0,0.0,Coincide
Pais_2025,47,117201,Universidad Industrial De Santander,Bucaramanga,Nuevo ingreso 2025-2,64.0,64.0,0.0,Coincide
Pais_2025,47,117201,Universidad Industrial De Santander,Bucaramanga,Nuevo ingreso 2025 (anual),128.0,128.0,0.0,Coincide
Pais_2025,48,116950,Universidad Libre,"Bogotá, D.C.",Matriculados 2025-1,11.0,11.0,0.0,Coincide
Pais_2025,48,116950,Universidad Libre,"Bogotá, D.C.",Matriculados 2025-2,18.0,18.0,0.0,Coincide
Pais_2025,48,116950,Universidad Libre,"Bogotá, D.C.",Matriculados promedio 2025,14.5,14.5,0.0,Coincide
Pais_2025,48,116950,Universidad Libre,"Bogotá, D.C.",Nuevo ingreso 2025-1,11.0,11.0,0.0,Coincide
Pais_2025,48,116950,Universidad Libre,"Bogotá, D.C.",Nuevo ingreso 2025-2,8.0,8.0,0.0,Coincide
Pais_2025,48,116950,Universidad Libre,"Bogotá, D.C.",Nuevo ingreso 2025 (anual),19.0,19.0,0.0,Coincide
Pais_2025,49,108578,UPB Medellín,Medellín,Matriculados 2025-1,158.0,158.0,0.0,Coincide
Pais_2025,49,108578,UPB Medellín,Medellín,Matriculados 2025-2,178.0,178.0,0.0,Coincide
Pais_2025,49,108578,UPB Medellín,Medellín,Matriculados promedio 2025,168.0,168.0,0.0,Coincide
Pais_2025,49,108578,UPB Medellín,Medellín,Nuevo ingreso 2025-1,37.0,37.0,0.0,Coincide
Pais_2025,49,108578,UPB Medellín,Medellín,Nuevo ingreso 2025-2,25.0,25.0,0.0,Coincide
Pais_2025,49,108578,UPB Medellín,Medellín,Nuevo ingreso 2025 (anual),62.0,62.0,0.0,Coincide
Pais_2025,50,116548,Universidad Simon Bolivar,Barranquilla,Matriculados 2025-1,22.0,22.0,0.0,Coincide
Pais_2025,50,116548,Universidad Simon Bolivar,Barranquilla,Matriculados 2025-2,20.0,20.0,0.0,Coincide
Pais_2025,50,116548,Universidad Simon Bolivar,Barranquilla,Matriculados promedio 2025,21.0,21.0,0.0,Coincide
Pais_2025,50,116548,Universidad Simon Bolivar,Barranquilla,Nuevo ingreso 2025-1,22.0,22.0,0.0,Coincide
Pais_2025,50,116548,Universidad Simon Bolivar,Barranquilla,Nuevo ingreso 2025-2,0.0,,,Sin registro fuente
Pais_2025,50,116548,Universidad Simon Bolivar,Barranquilla,Nuevo ingreso 2025 (anual),22.0,22.0,0.0,Coincide
Pais_2025,51,116063,Universidad Tecnologica De Bolivar,Cartagena de Indias,Matriculados 2025-1,34.0,34.0,0.0,Coincide
Pais_2025,51,116063,Universidad Tecnologica De Bolivar,Cartagena de Indias,Matriculados 2025-2,38.0,38.0,0.0,Coincide
Pais_2025,51,116063,Universidad Tecnologica De Bolivar,Cartagena de Indias,Matriculados promedio 2025,36.0,36.0,0.0,Coincide
Pais_2025,51,116063,Universidad Tecnologica De Bolivar,Cartagena de Indias,Nuevo ingreso 2025-1,14.0,14.0,0.0,Coincide
Pais_2025,51,116063,Universidad Tecnologica De Bolivar,Cartagena de Indias,Nuevo ingreso 2025-2,7.0,7.0,0.0,Coincide
Pais_2025,51,116063,Universidad Tecnologica De Bolivar,Cartagena de Indias,Nuevo ingreso 2025 (anual),21.0,21.0,0.0,Coincide
