universo,ambito,indicador,anio,base,inferior,superior,modelo,MAE
Mercado ampliado,Colombia,ingreso,2026,3700.7636363636366,3135.0691919191922,4266.458080808081,Ridge alfa=1,565.6944444444445
Mercado ampliado,Colombia,ingreso,2027,4232.218181818182,3432.205426325735,5032.230937310628,Ridge alfa=1,565.6944444444445
Mercado ampliado,Colombia,ingreso,2028,4763.672727272728,3783.8612079355003,5743.484246609954,Ridge alfa=1,565.6944444444445
Mercado ampliado,Colombia,ingreso,2029,5295.1272727272735,4163.738383838385,6426.516161616162,Ridge alfa=1,565.6944444444445
Mercado ampliado,Colombia,ingreso,2030,5826.581818181819,4561.650585910063,7091.513050453575,Ridge alfa=1,565.6944444444445
Mercado ampliado,Colombia,matricula_equivalente_anual,2026,7475.954545454546,6515.426767676769,8436.482323232323,Ridge alfa=1,960.5277777777777
Mercado ampliado,Colombia,matricula_equivalente_anual,2027,8304.272727272728,6945.881316903304,9662.664137642152,Ridge alfa=1,960.5277777777777
Mercado ampliado,Colombia,matricula_equivalente_anual,2028,9132.590909090908,7468.907995898569,10796.273822283247,Ridge alfa=1,960.5277777777777
Mercado ampliado,Colombia,matricula_equivalente_anual,2029,9960.909090909092,8039.853535353536,11881.964646464647,Ridge alfa=1,960.5277777777777
Mercado ampliado,Colombia,matricula_equivalente_anual,2030,10789.227272727272,8641.42186733935,12937.032678115194,Ridge alfa=1,960.5277777777777
Mercado ampliado,G8 + referentes nacionales,ingreso,2026,856.0545454545455,798.0962121212121,914.0128787878789,Ridge alfa=1,57.958333333333336
Mercado ampliado,G8 + referentes nacionales,ingreso,2027,901.8727272727273,819.9072662201867,983.8381883252679,Ridge alfa=1,57.958333333333336
Mercado ampliado,G8 + referentes nacionales,ingreso,2028,947.6909090909091,847.3041310355629,1048.0776871462554,Ridge alfa=1,57.958333333333336
Mercado ampliado,G8 + referentes nacionales,ingreso,2029,993.5090909090909,877.5924242424243,1109.4257575757576,Ridge alfa=1,57.958333333333336
Mercado ampliado,G8 + referentes nacionales,ingreso,2030,1039.3272727272729,909.7284995313476,1168.9260459231982,Ridge alfa=1,57.958333333333336
Mercado ampliado,G8 + referentes nacionales,matricula_equivalente_anual,2026,2695.890909090909,2525.078409090909,2866.703409090909,Ridge alfa=1,170.81249999999986
Mercado ampliado,G8 + referentes nacionales,matricula_equivalente_anual,2027,2865.7545454545457,2624.1891913316917,3107.3198995773996,Ridge alfa=1,170.81249999999986
Mercado ampliado,G8 + referentes nacionales,matricula_equivalente_anual,2028,3035.618181818182,2739.7622532503237,3331.4741103860406,Ridge alfa=1,170.81249999999986
Mercado ampliado,G8 + referentes nacionales,matricula_equivalente_anual,2029,3205.481818181818,2863.8568181818187,3547.1068181818177,Ridge alfa=1,170.81249999999986
Mercado ampliado,G8 + referentes nacionales,matricula_equivalente_anual,2030,3375.3454545454547,2993.397093138772,3757.2938159521373,Ridge alfa=1,170.81249999999986
Mercado ampliado,G8 Medellín,ingreso,2026,364.4909090909091,335.35202020202024,393.62979797979796,Ridge alfa=1,29.138888888888875
Mercado ampliado,G8 Medellín,ingreso,2027,376.8545454545454,335.64593359539606,418.0631573136948,Ridge alfa=1,29.138888888888875
Mercado ampliado,G8 Medellín,ingreso,2028,389.2181818181818,338.74814578652206,439.6882178498415,Ridge alfa=1,29.138888888888875
Mercado ampliado,G8 Medellín,ingreso,2029,401.58181818181816,343.3040404040404,459.85959595959594,Ridge alfa=1,29.138888888888875
Mercado ampliado,G8 Medellín,ingreso,2030,413.94545454545454,348.7889182010857,479.10199088982336,Ridge alfa=1,29.138888888888875
Mercado ampliado,G8 Medellín,matricula_equivalente_anual,2026,1054.8181818181818,997.2695707070707,1112.3667929292928,Ridge alfa=1,57.548611111111086
Mercado ampliado,G8 Medellín,matricula_equivalente_anual,2027,1086.090909090909,1004.7048827618407,1167.4769354199773,Ridge alfa=1,57.548611111111086
Mercado ampliado,G8 Medellín,matricula_equivalente_anual,2028,1117.3636363636365,1017.6865180141692,1217.0407547131038,Ridge alfa=1,57.548611111111086
Mercado ampliado,G8 Medellín,matricula_equivalente_anual,2029,1148.6363636363635,1033.5391414141413,1263.7335858585857,Ridge alfa=1,57.548611111111086
Mercado ampliado,G8 Medellín,matricula_equivalente_anual,2030,1179.909090909091,1051.2264844539468,1308.5916973642352,Ridge alfa=1,57.548611111111086
Mercado ampliado,Referentes nacionales,ingreso,2026,491.56363636363636,461.4108585858586,521.7164141414141,Ridge alfa=1,30.15277777777779
Mercado ampliado,Referentes nacionales,ingreso,2027,525.0181818181818,482.3757145416264,567.6606490947372,Ridge alfa=1,30.15277777777779
Mercado ampliado,Referentes nacionales,ingreso,2028,558.4727272727273,506.2465841722824,610.6988703731722,Ridge alfa=1,30.15277777777779
Mercado ampliado,Referentes nacionales,ingreso,2029,591.9272727272727,531.6217171717171,652.2328282828282,Ridge alfa=1,30.15277777777779
Mercado ampliado,Referentes nacionales,ingreso,2030,625.3818181818182,557.958157360262,692.8054790033743,Ridge alfa=1,30.15277777777779
Mercado ampliado,Referentes nacionales,matricula_equivalente_anual,2026,1641.0727272727272,1527.8088383838383,1754.3366161616161,Ridge alfa=1,113.26388888888884
Mercado ampliado,Referentes nacionales,matricula_equivalente_anual,2027,1779.6636363636362,1619.4843085698503,1939.842964157422,Ridge alfa=1,113.26388888888884
Mercado ampliado,Referentes nacionales,matricula_equivalente_anual,2028,1918.2545454545455,1722.0757352361538,2114.433355672937,Ridge alfa=1,113.26388888888884
Mercado ampliado,Referentes nacionales,matricula_equivalente_anual,2029,2056.8454545454542,1830.3176767676766,2283.373232323232,Ridge alfa=1,113.26388888888884
Mercado ampliado,Referentes nacionales,matricula_equivalente_anual,2030,2195.4363636363637,1942.170608684825,2448.702118587902,Ridge alfa=1,113.26388888888884
Benchmark v3 original,Colombia,ingreso,2026,3351.727272727273,2866.2967171717173,3837.1578282828286,Ridge alfa=1,485.4305555555555
Benchmark v3 original,Colombia,ingreso,2027,3812.636363636364,3126.133888379391,4499.1388388933365,Ridge alfa=1,485.4305555555555
Benchmark v3 original,Colombia,ingreso,2028,4273.545454545454,3432.7550687768453,5114.335840314063,Ridge alfa=1,485.4305555555555
Benchmark v3 original,Colombia,ingreso,2029,4734.454545454546,3763.593434343435,5705.315656565657,Ridge alfa=1,485.4305555555555
Benchmark v3 original,Colombia,ingreso,2030,5195.363636363636,4109.907915785926,6280.819356941346,Ridge alfa=1,485.4305555555555
Benchmark v3 original,Colombia,matricula_equivalente_anual,2026,6970.372727272728,6145.810227272728,7794.935227272728,Ridge alfa=1,824.5625
Benchmark v3 original,Colombia,matricula_equivalente_anual,2027,7691.463636363636,6525.356165839371,8857.5711068879,Ridge alfa=1,824.5625
Benchmark v3 original,Colombia,matricula_equivalente_anual,2028,8412.554545454546,6984.370401438534,9840.73868947056,Ridge alfa=1,824.5625
Benchmark v3 original,Colombia,matricula_equivalente_anual,2029,9133.645454545454,7484.520454545454,10782.770454545454,Ridge alfa=1,824.5625
Benchmark v3 original,Colombia,matricula_equivalente_anual,2030,9854.736363636364,8010.958561939194,11698.514165333534,Ridge alfa=1,824.5625
Benchmark v3 original,G8 + referentes nacionales,ingreso,2026,856.0545454545455,798.0962121212121,914.0128787878789,Ridge alfa=1,57.958333333333336
Benchmark v3 original,G8 + referentes nacionales,ingreso,2027,901.8727272727273,819.9072662201867,983.8381883252679,Ridge alfa=1,57.958333333333336
Benchmark v3 original,G8 + referentes nacionales,ingreso,2028,947.6909090909091,847.3041310355629,1048.0776871462554,Ridge alfa=1,57.958333333333336
Benchmark v3 original,G8 + referentes nacionales,ingreso,2029,993.5090909090909,877.5924242424243,1109.4257575757576,Ridge alfa=1,57.958333333333336
Benchmark v3 original,G8 + referentes nacionales,ingreso,2030,1039.3272727272729,909.7284995313476,1168.9260459231982,Ridge alfa=1,57.958333333333336
Benchmark v3 original,G8 + referentes nacionales,matricula_equivalente_anual,2026,2695.890909090909,2525.078409090909,2866.703409090909,Ridge alfa=1,170.81249999999986
Benchmark v3 original,G8 + referentes nacionales,matricula_equivalente_anual,2027,2865.7545454545457,2624.1891913316917,3107.3198995773996,Ridge alfa=1,170.81249999999986
Benchmark v3 original,G8 + referentes nacionales,matricula_equivalente_anual,2028,3035.618181818182,2739.7622532503237,3331.4741103860406,Ridge alfa=1,170.81249999999986
Benchmark v3 original,G8 + referentes nacionales,matricula_equivalente_anual,2029,3205.481818181818,2863.8568181818187,3547.1068181818177,Ridge alfa=1,170.81249999999986
Benchmark v3 original,G8 + referentes nacionales,matricula_equivalente_anual,2030,3375.3454545454547,2993.397093138772,3757.2938159521373,Ridge alfa=1,170.81249999999986
Benchmark v3 original,G8 Medellín,ingreso,2026,364.4909090909091,335.35202020202024,393.62979797979796,Ridge alfa=1,29.138888888888875
Benchmark v3 original,G8 Medellín,ingreso,2027,376.8545454545454,335.64593359539606,418.0631573136948,Ridge alfa=1,29.138888888888875
Benchmark v3 original,G8 Medellín,ingreso,2028,389.2181818181818,338.74814578652206,439.6882178498415,Ridge alfa=1,29.138888888888875
Benchmark v3 original,G8 Medellín,ingreso,2029,401.58181818181816,343.3040404040404,459.85959595959594,Ridge alfa=1,29.138888888888875
Benchmark v3 original,G8 Medellín,ingreso,2030,413.94545454545454,348.7889182010857,479.10199088982336,Ridge alfa=1,29.138888888888875
Benchmark v3 original,G8 Medellín,matricula_equivalente_anual,2026,1054.8181818181818,997.2695707070707,1112.3667929292928,Ridge alfa=1,57.548611111111086
Benchmark v3 original,G8 Medellín,matricula_equivalente_anual,2027,1086.090909090909,1004.7048827618407,1167.4769354199773,Ridge alfa=1,57.548611111111086
Benchmark v3 original,G8 Medellín,matricula_equivalente_anual,2028,1117.3636363636365,1017.6865180141692,1217.0407547131038,Ridge alfa=1,57.548611111111086
Benchmark v3 original,G8 Medellín,matricula_equivalente_anual,2029,1148.6363636363635,1033.5391414141413,1263.7335858585857,Ridge alfa=1,57.548611111111086
Benchmark v3 original,G8 Medellín,matricula_equivalente_anual,2030,1179.909090909091,1051.2264844539468,1308.5916973642352,Ridge alfa=1,57.548611111111086
Benchmark v3 original,Referentes nacionales,ingreso,2026,491.56363636363636,461.4108585858586,521.7164141414141,Ridge alfa=1,30.15277777777779
Benchmark v3 original,Referentes nacionales,ingreso,2027,525.0181818181818,482.3757145416264,567.6606490947372,Ridge alfa=1,30.15277777777779
Benchmark v3 original,Referentes nacionales,ingreso,2028,558.4727272727273,506.2465841722824,610.6988703731722,Ridge alfa=1,30.15277777777779
Benchmark v3 original,Referentes nacionales,ingreso,2029,591.9272727272727,531.6217171717171,652.2328282828282,Ridge alfa=1,30.15277777777779
Benchmark v3 original,Referentes nacionales,ingreso,2030,625.3818181818182,557.958157360262,692.8054790033743,Ridge alfa=1,30.15277777777779
Benchmark v3 original,Referentes nacionales,matricula_equivalente_anual,2026,1641.0727272727272,1527.8088383838383,1754.3366161616161,Ridge alfa=1,113.26388888888884
Benchmark v3 original,Referentes nacionales,matricula_equivalente_anual,2027,1779.6636363636362,1619.4843085698503,1939.842964157422,Ridge alfa=1,113.26388888888884
Benchmark v3 original,Referentes nacionales,matricula_equivalente_anual,2028,1918.2545454545455,1722.0757352361538,2114.433355672937,Ridge alfa=1,113.26388888888884
Benchmark v3 original,Referentes nacionales,matricula_equivalente_anual,2029,2056.8454545454542,1830.3176767676766,2283.373232323232,Ridge alfa=1,113.26388888888884
Benchmark v3 original,Referentes nacionales,matricula_equivalente_anual,2030,2195.4363636363637,1942.170608684825,2448.702118587902,Ridge alfa=1,113.26388888888884
