id,anio,semestre,ingreso,matricula,ies_id,snies,municipio_id,ies,programa,departamento,municipio,segmento,modalidad,sector,ambito,universidad,alias,universo_v3
1101-106341-11001,2021,1,26.0,164.0,1101,106341,11001,UNIVERSIDAD NACIONAL DE COLOMBIA,CIENCIAS DE LA COMPUTACIÓN,"Bogotá, D.C.","Bogotá, D.C.",Cercano,Presencial,Oficial,Benchmark nacional,Universidad Nacional de Colombia - Bogotá,UNAL Bogotá,True
1101-106341-11001,2021,2,34.0,181.0,1101,106341,11001,UNIVERSIDAD NACIONAL DE COLOMBIA,CIENCIAS DE LA COMPUTACIÓN,"Bogotá, D.C.","Bogotá, D.C.",Cercano,Presencial,Oficial,Benchmark nacional,Universidad Nacional de Colombia - Bogotá,UNAL Bogotá,True
1101-106341-11001,2022,1,28.0,192.0,1101,106341,11001,UNIVERSIDAD NACIONAL DE COLOMBIA,CIENCIAS DE LA COMPUTACIÓN,"Bogotá, D.C.","Bogotá, D.C.",Cercano,Presencial,Oficial,Benchmark nacional,Universidad Nacional de Colombia - Bogotá,UNAL Bogotá,True
1101-106341-11001,2022,2,37.0,213.0,1101,106341,11001,UNIVERSIDAD NACIONAL DE COLOMBIA,CIENCIAS DE LA COMPUTACIÓN,"Bogotá, D.C.","Bogotá, D.C.",Cercano,Presencial,Oficial,Benchmark nacional,Universidad Nacional de Colombia - Bogotá,UNAL Bogotá,True
1101-106341-11001,2023,1,31.0,203.0,1101,106341,11001,UNIVERSIDAD NACIONAL DE COLOMBIA,CIENCIAS DE LA COMPUTACIÓN,"Bogotá, D.C.","Bogotá, D.C.",Cercano,Presencial,Oficial,Benchmark nacional,Universidad Nacional de Colombia - Bogotá,UNAL Bogotá,True
1101-106341-11001,2023,2,42.0,221.0,1101,106341,11001,UNIVERSIDAD NACIONAL DE COLOMBIA,CIENCIAS DE LA COMPUTACIÓN,"Bogotá, D.C.","Bogotá, D.C.",Cercano,Presencial,Oficial,Benchmark nacional,Universidad Nacional de Colombia - Bogotá,UNAL Bogotá,True
1101-106341-11001,2024,1,31.0,221.0,1101,106341,11001,UNIVERSIDAD NACIONAL DE COLOMBIA,CIENCIAS DE LA COMPUTACIÓN,"Bogotá, D.C.","Bogotá, D.C.",Cercano,Presencial,Oficial,Benchmark nacional,Universidad Nacional de Colombia - Bogotá,UNAL Bogotá,True
1101-106341-11001,2024,2,32.0,238.0,1101,106341,11001,UNIVERSIDAD NACIONAL DE COLOMBIA,CIENCIAS DE LA COMPUTACIÓN,"Bogotá, D.C.","Bogotá, D.C.",Cercano,Presencial,Oficial,Benchmark nacional,Universidad Nacional de Colombia - Bogotá,UNAL Bogotá,True
1101-106341-11001,2025,1,26.0,228.0,1101,106341,11001,UNIVERSIDAD NACIONAL DE COLOMBIA,CIENCIAS DE LA COMPUTACIÓN,"Bogotá, D.C.","Bogotá, D.C.",Cercano,Presencial,Oficial,Benchmark nacional,Universidad Nacional de Colombia - Bogotá,UNAL Bogotá,True
1101-106341-11001,2025,2,39.0,240.0,1101,106341,11001,UNIVERSIDAD NACIONAL DE COLOMBIA,CIENCIAS DE LA COMPUTACIÓN,"Bogotá, D.C.","Bogotá, D.C.",Cercano,Presencial,Oficial,Benchmark nacional,Universidad Nacional de Colombia - Bogotá,UNAL Bogotá,True
1101-32-11001,2021,1,50.0,482.0,1101,32,11001,UNIVERSIDAD NACIONAL DE COLOMBIA,ESTADISTICA,"Bogotá, D.C.","Bogotá, D.C.",Cercano,Presencial,Oficial,Benchmark nacional,Universidad Nacional de Colombia - Bogotá,UNAL Bogotá,True
1101-32-11001,2021,2,46.0,470.0,1101,32,11001,UNIVERSIDAD NACIONAL DE COLOMBIA,ESTADISTICA,"Bogotá, D.C.","Bogotá, D.C.",Cercano,Presencial,Oficial,Benchmark nacional,Universidad Nacional de Colombia - Bogotá,UNAL Bogotá,True
1101-32-11001,2022,1,47.0,468.0,1101,32,11001,UNIVERSIDAD NACIONAL DE COLOMBIA,ESTADISTICA,"Bogotá, D.C.","Bogotá, D.C.",Cercano,Presencial,Oficial,Benchmark nacional,Universidad Nacional de Colombia - Bogotá,UNAL Bogotá,True
1101-32-11001,2022,2,53.0,477.0,1101,32,11001,UNIVERSIDAD NACIONAL DE COLOMBIA,ESTADISTICA,"Bogotá, D.C.","Bogotá, D.C.",Cercano,Presencial,Oficial,Benchmark nacional,Universidad Nacional de Colombia - Bogotá,UNAL Bogotá,True
1101-32-11001,2023,1,49.0,461.0,1101,32,11001,UNIVERSIDAD NACIONAL DE COLOMBIA,ESTADISTICA,"Bogotá, D.C.","Bogotá, D.C.",Cercano,Presencial,Oficial,Benchmark nacional,Universidad Nacional de Colombia - Bogotá,UNAL Bogotá,True
1101-32-11001,2023,2,42.0,431.0,1101,32,11001,UNIVERSIDAD NACIONAL DE COLOMBIA,ESTADISTICA,"Bogotá, D.C.","Bogotá, D.C.",Cercano,Presencial,Oficial,Benchmark nacional,Universidad Nacional de Colombia - Bogotá,UNAL Bogotá,True
1101-32-11001,2024,1,45.0,425.0,1101,32,11001,UNIVERSIDAD NACIONAL DE COLOMBIA,ESTADISTICA,"Bogotá, D.C.","Bogotá, D.C.",Cercano,Presencial,Oficial,Benchmark nacional,Universidad Nacional de Colombia - Bogotá,UNAL Bogotá,True
1101-32-11001,2024,2,41.0,429.0,1101,32,11001,UNIVERSIDAD NACIONAL DE COLOMBIA,ESTADISTICA,"Bogotá, D.C.","Bogotá, D.C.",Cercano,Presencial,Oficial,Benchmark nacional,Universidad Nacional de Colombia - Bogotá,UNAL Bogotá,True
1101-32-11001,2025,1,39.0,419.0,1101,32,11001,UNIVERSIDAD NACIONAL DE COLOMBIA,ESTADISTICA,"Bogotá, D.C.","Bogotá, D.C.",Cercano,Presencial,Oficial,Benchmark nacional,Universidad Nacional de Colombia - Bogotá,UNAL Bogotá,True
1101-32-11001,2025,2,33.0,397.0,1101,32,11001,UNIVERSIDAD NACIONAL DE COLOMBIA,ESTADISTICA,"Bogotá, D.C.","Bogotá, D.C.",Cercano,Presencial,Oficial,Benchmark nacional,Universidad Nacional de Colombia - Bogotá,UNAL Bogotá,True
1102-107447-5001,2021,1,29.0,74.0,1102,107447,5001,UNIVERSIDAD NACIONAL DE COLOMBIA,CIENCIAS DE LA COMPUTACIÓN,Antioquia,Medellín,Cercano,Presencial,Oficial,G8 Medellín,Universidad Nacional de Colombia - Medellín,UNAL Medellín,True
1102-107447-5001,2021,2,37.0,101.0,1102,107447,5001,UNIVERSIDAD NACIONAL DE COLOMBIA,CIENCIAS DE LA COMPUTACIÓN,Antioquia,Medellín,Cercano,Presencial,Oficial,G8 Medellín,Universidad Nacional de Colombia - Medellín,UNAL Medellín,True
1102-107447-5001,2022,1,26.0,109.0,1102,107447,5001,UNIVERSIDAD NACIONAL DE COLOMBIA,CIENCIAS DE LA COMPUTACIÓN,Antioquia,Medellín,Cercano,Presencial,Oficial,G8 Medellín,Universidad Nacional de Colombia - Medellín,UNAL Medellín,True
1102-107447-5001,2022,2,30.0,131.0,1102,107447,5001,UNIVERSIDAD NACIONAL DE COLOMBIA,CIENCIAS DE LA COMPUTACIÓN,Antioquia,Medellín,Cercano,Presencial,Oficial,G8 Medellín,Universidad Nacional de Colombia - Medellín,UNAL Medellín,True
1102-107447-5001,2023,1,25.0,117.0,1102,107447,5001,UNIVERSIDAD NACIONAL DE COLOMBIA,CIENCIAS DE LA COMPUTACIÓN,Antioquia,Medellín,Cercano,Presencial,Oficial,G8 Medellín,Universidad Nacional de Colombia - Medellín,UNAL Medellín,True
1102-107447-5001,2023,2,38.0,142.0,1102,107447,5001,UNIVERSIDAD NACIONAL DE COLOMBIA,CIENCIAS DE LA COMPUTACIÓN,Antioquia,Medellín,Cercano,Presencial,Oficial,G8 Medellín,Universidad Nacional de Colombia - Medellín,UNAL Medellín,True
1102-107447-5001,2024,1,37.0,145.0,1102,107447,5001,UNIVERSIDAD NACIONAL DE COLOMBIA,CIENCIAS DE LA COMPUTACIÓN,Antioquia,Medellín,Cercano,Presencial,Oficial,G8 Medellín,Universidad Nacional de Colombia - Medellín,UNAL Medellín,True
1102-107447-5001,2024,2,32.0,175.0,1102,107447,5001,UNIVERSIDAD NACIONAL DE COLOMBIA,CIENCIAS DE LA COMPUTACIÓN,Antioquia,Medellín,Cercano,Presencial,Oficial,G8 Medellín,Universidad Nacional de Colombia - Medellín,UNAL Medellín,True
1102-107447-5001,2025,1,32.0,188.0,1102,107447,5001,UNIVERSIDAD NACIONAL DE COLOMBIA,CIENCIAS DE LA COMPUTACIÓN,Antioquia,Medellín,Cercano,Presencial,Oficial,G8 Medellín,Universidad Nacional de Colombia - Medellín,UNAL Medellín,True
1102-107447-5001,2025,2,34.0,197.0,1102,107447,5001,UNIVERSIDAD NACIONAL DE COLOMBIA,CIENCIAS DE LA COMPUTACIÓN,Antioquia,Medellín,Cercano,Presencial,Oficial,G8 Medellín,Universidad Nacional de Colombia - Medellín,UNAL Medellín,True
1102-16920-5001,2021,1,60.0,442.0,1102,16920,5001,UNIVERSIDAD NACIONAL DE COLOMBIA,ESTADISTICA,Antioquia,Medellín,Cercano,Presencial,Oficial,G8 Medellín,Universidad Nacional de Colombia - Medellín,UNAL Medellín,True
1102-16920-5001,2021,2,54.0,432.0,1102,16920,5001,UNIVERSIDAD NACIONAL DE COLOMBIA,ESTADISTICA,Antioquia,Medellín,Cercano,Presencial,Oficial,G8 Medellín,Universidad Nacional de Colombia - Medellín,UNAL Medellín,True
1102-16920-5001,2022,1,48.0,412.0,1102,16920,5001,UNIVERSIDAD NACIONAL DE COLOMBIA,ESTADISTICA,Antioquia,Medellín,Cercano,Presencial,Oficial,G8 Medellín,Universidad Nacional de Colombia - Medellín,UNAL Medellín,True
1102-16920-5001,2022,2,44.0,413.0,1102,16920,5001,UNIVERSIDAD NACIONAL DE COLOMBIA,ESTADISTICA,Antioquia,Medellín,Cercano,Presencial,Oficial,G8 Medellín,Universidad Nacional de Colombia - Medellín,UNAL Medellín,True
1102-16920-5001,2023,1,70.0,403.0,1102,16920,5001,UNIVERSIDAD NACIONAL DE COLOMBIA,ESTADISTICA,Antioquia,Medellín,Cercano,Presencial,Oficial,G8 Medellín,Universidad Nacional de Colombia - Medellín,UNAL Medellín,True
1102-16920-5001,2023,2,37.0,354.0,1102,16920,5001,UNIVERSIDAD NACIONAL DE COLOMBIA,ESTADISTICA,Antioquia,Medellín,Cercano,Presencial,Oficial,G8 Medellín,Universidad Nacional de Colombia - Medellín,UNAL Medellín,True
1102-16920-5001,2024,1,67.0,359.0,1102,16920,5001,UNIVERSIDAD NACIONAL DE COLOMBIA,ESTADISTICA,Antioquia,Medellín,Cercano,Presencial,Oficial,G8 Medellín,Universidad Nacional de Colombia - Medellín,UNAL Medellín,True
1102-16920-5001,2024,2,19.0,300.0,1102,16920,5001,UNIVERSIDAD NACIONAL DE COLOMBIA,ESTADISTICA,Antioquia,Medellín,Cercano,Presencial,Oficial,G8 Medellín,Universidad Nacional de Colombia - Medellín,UNAL Medellín,True
1102-16920-5001,2025,1,43.0,298.0,1102,16920,5001,UNIVERSIDAD NACIONAL DE COLOMBIA,ESTADISTICA,Antioquia,Medellín,Cercano,Presencial,Oficial,G8 Medellín,Universidad Nacional de Colombia - Medellín,UNAL Medellín,True
1102-16920-5001,2025,2,16.0,251.0,1102,16920,5001,UNIVERSIDAD NACIONAL DE COLOMBIA,ESTADISTICA,Antioquia,Medellín,Cercano,Presencial,Oficial,G8 Medellín,Universidad Nacional de Colombia - Medellín,UNAL Medellín,True
1103-110177-17001,2022,1,35.0,35.0,1103,110177,17001,UNIVERSIDAD NACIONAL DE COLOMBIA,CIENCIAS DE LA COMPUTACIÓN,Caldas,Manizales,Cercano,Presencial,Oficial,Resto del país,UNIVERSIDAD NACIONAL DE COLOMBIA,Universidad Nacional De Colombia,True
1103-110177-17001,2022,2,38.0,67.0,1103,110177,17001,UNIVERSIDAD NACIONAL DE COLOMBIA,CIENCIAS DE LA COMPUTACIÓN,Caldas,Manizales,Cercano,Presencial,Oficial,Resto del país,UNIVERSIDAD NACIONAL DE COLOMBIA,Universidad Nacional De Colombia,True
1103-110177-17001,2023,1,36.0,82.0,1103,110177,17001,UNIVERSIDAD NACIONAL DE COLOMBIA,CIENCIAS DE LA COMPUTACIÓN,Caldas,Manizales,Cercano,Presencial,Oficial,Resto del país,UNIVERSIDAD NACIONAL DE COLOMBIA,Universidad Nacional De Colombia,True
1103-110177-17001,2023,2,38.0,113.0,1103,110177,17001,UNIVERSIDAD NACIONAL DE COLOMBIA,CIENCIAS DE LA COMPUTACIÓN,Caldas,Manizales,Cercano,Presencial,Oficial,Resto del país,UNIVERSIDAD NACIONAL DE COLOMBIA,Universidad Nacional De Colombia,True
1103-110177-17001,2024,1,39.0,118.0,1103,110177,17001,UNIVERSIDAD NACIONAL DE COLOMBIA,CIENCIAS DE LA COMPUTACIÓN,Caldas,Manizales,Cercano,Presencial,Oficial,Resto del país,UNIVERSIDAD NACIONAL DE COLOMBIA,Universidad Nacional De Colombia,True
1103-110177-17001,2024,2,83.0,188.0,1103,110177,17001,UNIVERSIDAD NACIONAL DE COLOMBIA,CIENCIAS DE LA COMPUTACIÓN,Caldas,Manizales,Cercano,Presencial,Oficial,Resto del país,UNIVERSIDAD NACIONAL DE COLOMBIA,Universidad Nacional De Colombia,True
1103-110177-17001,2025,1,50.0,193.0,1103,110177,17001,UNIVERSIDAD NACIONAL DE COLOMBIA,CIENCIAS DE LA COMPUTACIÓN,Caldas,Manizales,Cercano,Presencial,Oficial,Resto del país,UNIVERSIDAD NACIONAL DE COLOMBIA,Universidad Nacional De Colombia,True
1103-110177-17001,2025,2,41.0,219.0,1103,110177,17001,UNIVERSIDAD NACIONAL DE COLOMBIA,CIENCIAS DE LA COMPUTACIÓN,Caldas,Manizales,Cercano,Presencial,Oficial,Resto del país,UNIVERSIDAD NACIONAL DE COLOMBIA,Universidad Nacional De Colombia,True
1103-116559-17001,2024,2,18.0,18.0,1103,116559,17001,UNIVERSIDAD NACIONAL DE COLOMBIA,Estadística,Caldas,Manizales,Cercano,Presencial,Oficial,Resto del país,UNIVERSIDAD NACIONAL DE COLOMBIA,Universidad Nacional De Colombia,True
1103-116559-17001,2025,1,22.0,37.0,1103,116559,17001,UNIVERSIDAD NACIONAL DE COLOMBIA,Estadística,Caldas,Manizales,Cercano,Presencial,Oficial,Resto del país,UNIVERSIDAD NACIONAL DE COLOMBIA,Universidad Nacional De Colombia,True
1103-116559-17001,2025,2,7.0,33.0,1103,116559,17001,UNIVERSIDAD NACIONAL DE COLOMBIA,Estadística,Caldas,Manizales,Cercano,Presencial,Oficial,Resto del país,UNIVERSIDAD NACIONAL DE COLOMBIA,Universidad Nacional De Colombia,True
1113-103514-23001,2021,1,39.0,287.0,1113,103514,23001,UNIVERSIDAD DE CORDOBA,ESTADÍSTICA,Córdoba,Montería,Cercano,Presencial,Oficial,Resto del país,UNIVERSIDAD DE CORDOBA,Universidad De Cordoba,True
1113-103514-23001,2021,2,44.0,298.0,1113,103514,23001,UNIVERSIDAD DE CORDOBA,ESTADÍSTICA,Córdoba,Montería,Cercano,Presencial,Oficial,Resto del país,UNIVERSIDAD DE CORDOBA,Universidad De Cordoba,True
1113-103514-23001,2022,1,38.0,315.0,1113,103514,23001,UNIVERSIDAD DE CORDOBA,ESTADÍSTICA,Córdoba,Montería,Cercano,Presencial,Oficial,Resto del país,UNIVERSIDAD DE CORDOBA,Universidad De Cordoba,True
1113-103514-23001,2022,2,37.0,301.0,1113,103514,23001,UNIVERSIDAD DE CORDOBA,ESTADÍSTICA,Córdoba,Montería,Cercano,Presencial,Oficial,Resto del país,UNIVERSIDAD DE CORDOBA,Universidad De Cordoba,True
1113-103514-23001,2023,1,39.0,318.0,1113,103514,23001,UNIVERSIDAD DE CORDOBA,ESTADÍSTICA,Córdoba,Montería,Cercano,Presencial,Oficial,Resto del país,UNIVERSIDAD DE CORDOBA,Universidad De Cordoba,True
1113-103514-23001,2023,2,38.0,326.0,1113,103514,23001,UNIVERSIDAD DE CORDOBA,ESTADÍSTICA,Córdoba,Montería,Cercano,Presencial,Oficial,Resto del país,UNIVERSIDAD DE CORDOBA,Universidad De Cordoba,True
1113-103514-23001,2024,1,38.0,336.0,1113,103514,23001,UNIVERSIDAD DE CORDOBA,ESTADÍSTICA,Córdoba,Montería,Cercano,Presencial,Oficial,Resto del país,UNIVERSIDAD DE CORDOBA,Universidad De Cordoba,True
1113-103514-23001,2024,2,61.0,351.0,1113,103514,23001,UNIVERSIDAD DE CORDOBA,ESTADÍSTICA,Córdoba,Montería,Cercano,Presencial,Oficial,Resto del país,UNIVERSIDAD DE CORDOBA,Universidad De Cordoba,True
1113-103514-23001,2025,1,41.0,352.0,1113,103514,23001,UNIVERSIDAD DE CORDOBA,ESTADÍSTICA,Córdoba,Montería,Cercano,Presencial,Oficial,Resto del país,UNIVERSIDAD DE CORDOBA,Universidad De Cordoba,True
1113-103514-23001,2025,2,29.0,340.0,1113,103514,23001,UNIVERSIDAD DE CORDOBA,ESTADÍSTICA,Córdoba,Montería,Cercano,Presencial,Oficial,Resto del país,UNIVERSIDAD DE CORDOBA,Universidad De Cordoba,True
1113-8100-23001,2021,2,,1.0,1113,8100,23001,UNIVERSIDAD DE CORDOBA,ESTADISTICA,Córdoba,Montería,Cercano,Presencial,OFICIAL,Resto del país,UNIVERSIDAD DE CORDOBA,Universidad De Cordoba,True
1201-101571-5001,2021,1,26.0,194.0,1201,101571,5001,UNIVERSIDAD DE ANTIOQUIA,ESTADÍSTICA,Antioquia,Medellín,Cercano,Presencial,Oficial,G8 Medellín,Universidad de Antioquia (UdeA),UdeA,True
1201-101571-5001,2021,2,20.0,178.0,1201,101571,5001,UNIVERSIDAD DE ANTIOQUIA,ESTADÍSTICA,Antioquia,Medellín,Cercano,Presencial,Oficial,G8 Medellín,Universidad de Antioquia (UdeA),UdeA,True
1201-101571-5001,2022,1,29.0,170.0,1201,101571,5001,UNIVERSIDAD DE ANTIOQUIA,ESTADÍSTICA,Antioquia,Medellín,Cercano,Presencial,Oficial,G8 Medellín,Universidad de Antioquia (UdeA),UdeA,True
1201-101571-5001,2022,2,6.0,6.0,1201,101571,5001,UNIVERSIDAD DE ANTIOQUIA,ESTADÍSTICA,Antioquia,Medellín,Cercano,Presencial,Oficial,G8 Medellín,Universidad de Antioquia (UdeA),UdeA,True
1201-101571-5001,2023,1,36.0,174.0,1201,101571,5001,UNIVERSIDAD DE ANTIOQUIA,ESTADÍSTICA,Antioquia,Medellín,Cercano,Presencial,Oficial,G8 Medellín,Universidad de Antioquia (UdeA),UdeA,True
1201-101571-5001,2023,2,31.0,168.0,1201,101571,5001,UNIVERSIDAD DE ANTIOQUIA,ESTADÍSTICA,Antioquia,Medellín,Cercano,Presencial,Oficial,G8 Medellín,Universidad de Antioquia (UdeA),UdeA,True
1201-101571-5001,2024,1,39.0,167.0,1201,101571,5001,UNIVERSIDAD DE ANTIOQUIA,ESTADÍSTICA,Antioquia,Medellín,Cercano,Presencial,Oficial,G8 Medellín,Universidad de Antioquia (UdeA),UdeA,True
1201-101571-5001,2024,2,38.0,177.0,1201,101571,5001,UNIVERSIDAD DE ANTIOQUIA,ESTADÍSTICA,Antioquia,Medellín,Cercano,Presencial,Oficial,G8 Medellín,Universidad de Antioquia (UdeA),UdeA,True
1201-101571-5001,2025,1,37.0,174.0,1201,101571,5001,UNIVERSIDAD DE ANTIOQUIA,ESTADÍSTICA,Antioquia,Medellín,Cercano,Presencial,Oficial,G8 Medellín,Universidad de Antioquia (UdeA),UdeA,True
1201-101571-5001,2025,2,35.0,175.0,1201,101571,5001,UNIVERSIDAD DE ANTIOQUIA,ESTADÍSTICA,Antioquia,Medellín,Cercano,Presencial,Oficial,G8 Medellín,Universidad de Antioquia (UdeA),UdeA,True
1203-593-76001,2021,1,51.0,266.0,1203,593,76001,UNIVERSIDAD DEL VALLE,ESTADISTICA,Valle del Cauca,Santiago de Cali,Cercano,Presencial,Oficial,Resto del país,UNIVERSIDAD DEL VALLE,Universidad Del Valle,True
1203-593-76001,2021,2,2.0,252.0,1203,593,76001,UNIVERSIDAD DEL VALLE,ESTADISTICA,Valle del Cauca,Santiago de Cali,Cercano,Presencial,Oficial,Resto del país,UNIVERSIDAD DEL VALLE,Universidad Del Valle,True
1203-593-76001,2022,1,50.0,267.0,1203,593,76001,UNIVERSIDAD DEL VALLE,ESTADISTICA,Valle del Cauca,Santiago de Cali,Cercano,Presencial,Oficial,Resto del país,UNIVERSIDAD DEL VALLE,Universidad Del Valle,True
1203-593-76001,2022,2,,236.0,1203,593,76001,UNIVERSIDAD DEL VALLE,ESTADISTICA,Valle del Cauca,Santiago de Cali,Cercano,Presencial,Oficial,Resto del país,UNIVERSIDAD DEL VALLE,Universidad Del Valle,True
1203-593-76001,2023,1,53.0,275.0,1203,593,76001,UNIVERSIDAD DEL VALLE,ESTADISTICA,Valle del Cauca,Santiago de Cali,Cercano,Presencial,Oficial,Resto del país,UNIVERSIDAD DEL VALLE,Universidad Del Valle,True
1203-593-76001,2023,2,,219.0,1203,593,76001,UNIVERSIDAD DEL VALLE,ESTADISTICA,Valle del Cauca,Santiago de Cali,Cercano,Presencial,Oficial,Resto del país,UNIVERSIDAD DEL VALLE,Universidad Del Valle,True
1203-593-76001,2024,1,64.0,255.0,1203,593,76001,UNIVERSIDAD DEL VALLE,ESTADISTICA,Valle del Cauca,Santiago de Cali,Cercano,Presencial,Oficial,Resto del país,UNIVERSIDAD DEL VALLE,Universidad Del Valle,True
1203-593-76001,2024,2,,203.0,1203,593,76001,UNIVERSIDAD DEL VALLE,ESTADISTICA,Valle del Cauca,Santiago de Cali,Cercano,Presencial,Oficial,Resto del país,UNIVERSIDAD DEL VALLE,Universidad Del Valle,True
1203-593-76001,2025,1,53.0,221.0,1203,593,76001,UNIVERSIDAD DEL VALLE,ESTADISTICA,Valle del Cauca,Santiago de Cali,Cercano,Presencial,Oficial,Resto del país,UNIVERSIDAD DEL VALLE,Universidad Del Valle,True
1203-593-76001,2025,2,,206.0,1203,593,76001,UNIVERSIDAD DEL VALLE,ESTADISTICA,Valle del Cauca,Santiago de Cali,Cercano,Presencial,Oficial,Resto del país,UNIVERSIDAD DEL VALLE,Universidad Del Valle,True
1204-117201-68001,2024,2,64.0,64.0,1204,117201,68001,UNIVERSIDAD INDUSTRIAL DE SANTANDER,Ingeniería en Ciencia de Datos,Santander,Bucaramanga,Directo,Presencial,Oficial,Resto del país,UNIVERSIDAD INDUSTRIAL DE SANTANDER,Universidad Industrial De Santander,True
1204-117201-68001,2025,1,64.0,111.0,1204,117201,68001,UNIVERSIDAD INDUSTRIAL DE SANTANDER,Ingeniería en Ciencia de Datos,Santander,Bucaramanga,Directo,Presencial,Oficial,Resto del país,UNIVERSIDAD INDUSTRIAL DE SANTANDER,Universidad Industrial De Santander,True
1204-117201-68001,2025,2,64.0,164.0,1204,117201,68001,UNIVERSIDAD INDUSTRIAL DE SANTANDER,Ingeniería en Ciencia de Datos,Santander,Bucaramanga,Directo,Presencial,Oficial,Resto del país,UNIVERSIDAD INDUSTRIAL DE SANTANDER,Universidad Industrial De Santander,True
1207-3345-73001,2021,1,42.0,203.0,1207,3345,73001,UNIVERSIDAD DEL TOLIMA,MATEMATICAS CON ENFASIS EN ESTADISTICA,Tolima,Ibagué,Cercano,Presencial,Oficial,Resto del país,UNIVERSIDAD DEL TOLIMA,Universidad Del Tolima,True
1207-3345-73001,2021,2,17.0,172.0,1207,3345,73001,UNIVERSIDAD DEL TOLIMA,MATEMATICAS CON ENFASIS EN ESTADISTICA,Tolima,Ibagué,Cercano,Presencial,Oficial,Resto del país,UNIVERSIDAD DEL TOLIMA,Universidad Del Tolima,True
1207-3345-73001,2022,1,35.0,179.0,1207,3345,73001,UNIVERSIDAD DEL TOLIMA,MATEMATICAS CON ENFASIS EN ESTADISTICA,Tolima,Ibagué,Cercano,Presencial,Oficial,Resto del país,UNIVERSIDAD DEL TOLIMA,Universidad Del Tolima,True
1207-3345-73001,2022,2,22.0,176.0,1207,3345,73001,UNIVERSIDAD DEL TOLIMA,MATEMATICAS CON ENFASIS EN ESTADISTICA,Tolima,Ibagué,Cercano,Presencial,Oficial,Resto del país,UNIVERSIDAD DEL TOLIMA,Universidad Del Tolima,True
1207-3345-73001,2023,1,29.0,172.0,1207,3345,73001,UNIVERSIDAD DEL TOLIMA,MATEMATICAS CON ENFASIS EN ESTADISTICA,Tolima,Ibagué,Cercano,Presencial,Oficial,Resto del país,UNIVERSIDAD DEL TOLIMA,Universidad Del Tolima,True
1207-3345-73001,2023,2,37.0,169.0,1207,3345,73001,UNIVERSIDAD DEL TOLIMA,MATEMATICAS CON ENFASIS EN ESTADISTICA,Tolima,Ibagué,Cercano,Presencial,Oficial,Resto del país,UNIVERSIDAD DEL TOLIMA,Universidad Del Tolima,True
1207-3345-73001,2024,1,22.0,158.0,1207,3345,73001,UNIVERSIDAD DEL TOLIMA,MATEMATICAS CON ENFASIS EN ESTADISTICA,Tolima,Ibagué,Cercano,Presencial,Oficial,Resto del país,UNIVERSIDAD DEL TOLIMA,Universidad Del Tolima,True
1207-3345-73001,2024,2,23.0,137.0,1207,3345,73001,UNIVERSIDAD DEL TOLIMA,MATEMATICAS CON ENFASIS EN ESTADISTICA,Tolima,Ibagué,Cercano,Presencial,Oficial,Resto del país,UNIVERSIDAD DEL TOLIMA,Universidad Del Tolima,True
1207-3345-73001,2025,1,31.0,139.0,1207,3345,73001,UNIVERSIDAD DEL TOLIMA,MATEMATICAS CON ENFASIS EN ESTADISTICA,Tolima,Ibagué,Cercano,Presencial,Oficial,Resto del país,UNIVERSIDAD DEL TOLIMA,Universidad Del Tolima,True
1207-3345-73001,2025,2,25.0,145.0,1207,3345,73001,UNIVERSIDAD DEL TOLIMA,MATEMATICAS CON ENFASIS EN ESTADISTICA,Tolima,Ibagué,Cercano,Presencial,Oficial,Resto del país,UNIVERSIDAD DEL TOLIMA,Universidad Del Tolima,True
1701-108890-11001,2021,1,31.0,39.0,1701,108890,11001,PONTIFICIA UNIVERSIDAD JAVERIANA,CIENCIA DE DATOS,"Bogotá, D.C.","Bogotá, D.C.",Directo,Presencial,Privado,Benchmark nacional,Pontificia Universidad Javeriana,Javeriana,True
1701-108890-11001,2021,2,27.0,62.0,1701,108890,11001,PONTIFICIA UNIVERSIDAD JAVERIANA,CIENCIA DE DATOS,"Bogotá, D.C.","Bogotá, D.C.",Directo,Presencial,Privado,Benchmark nacional,Pontificia Universidad Javeriana,Javeriana,True
1701-108890-11001,2022,1,30.0,88.0,1701,108890,11001,PONTIFICIA UNIVERSIDAD JAVERIANA,CIENCIA DE DATOS,"Bogotá, D.C.","Bogotá, D.C.",Directo,Presencial,Privado,Benchmark nacional,Pontificia Universidad Javeriana,Javeriana,True
1701-108890-11001,2022,2,44.0,125.0,1701,108890,11001,PONTIFICIA UNIVERSIDAD JAVERIANA,CIENCIA DE DATOS,"Bogotá, D.C.","Bogotá, D.C.",Directo,Presencial,Privado,Benchmark nacional,Pontificia Universidad Javeriana,Javeriana,True
1701-108890-11001,2023,1,30.0,144.0,1701,108890,11001,PONTIFICIA UNIVERSIDAD JAVERIANA,CIENCIA DE DATOS,"Bogotá, D.C.","Bogotá, D.C.",Directo,Presencial,Privado,Benchmark nacional,Pontificia Universidad Javeriana,Javeriana,True
1701-108890-11001,2023,2,32.0,169.0,1701,108890,11001,PONTIFICIA UNIVERSIDAD JAVERIANA,CIENCIA DE DATOS,"Bogotá, D.C.","Bogotá, D.C.",Directo,Presencial,Privado,Benchmark nacional,Pontificia Universidad Javeriana,Javeriana,True
1701-108890-11001,2024,1,27.0,188.0,1701,108890,11001,PONTIFICIA UNIVERSIDAD JAVERIANA,CIENCIA DE DATOS,"Bogotá, D.C.","Bogotá, D.C.",Directo,Presencial,Privado,Benchmark nacional,Pontificia Universidad Javeriana,Javeriana,True
1701-108890-11001,2024,2,56.0,234.0,1701,108890,11001,PONTIFICIA UNIVERSIDAD JAVERIANA,CIENCIA DE DATOS,"Bogotá, D.C.","Bogotá, D.C.",Directo,Presencial,Privado,Benchmark nacional,Pontificia Universidad Javeriana,Javeriana,True
1701-108890-11001,2025,1,57.0,275.0,1701,108890,11001,PONTIFICIA UNIVERSIDAD JAVERIANA,CIENCIA DE DATOS,"Bogotá, D.C.","Bogotá, D.C.",Directo,Presencial,Privado,Benchmark nacional,Pontificia Universidad Javeriana,Javeriana,True
1701-108890-11001,2025,2,49.0,306.0,1701,108890,11001,PONTIFICIA UNIVERSIDAD JAVERIANA,CIENCIA DE DATOS,"Bogotá, D.C.","Bogotá, D.C.",Directo,Presencial,Privado,Benchmark nacional,Pontificia Universidad Javeriana,Javeriana,True
1703-108038-11001,2022,1,8.0,8.0,1703,108038,11001,UNIVERSIDAD INCCA DE COLOMBIA,ESTADISTICA,Bogotá D.C.,"Bogotá, D.C.",Cercano,Presencial,PRIVADA,Resto del país,UNIVERSIDAD INCCA DE COLOMBIA,Universidad Incca De Colombia,True
1703-108038-11001,2022,2,,4.0,1703,108038,11001,UNIVERSIDAD INCCA DE COLOMBIA,ESTADISTICA,Bogotá D.C.,"Bogotá, D.C.",Cercano,Presencial,PRIVADA,Resto del país,UNIVERSIDAD INCCA DE COLOMBIA,Universidad Incca De Colombia,True
1704-52000-11001,2021,1,32.0,328.0,1704,52000,11001,UNIVERSIDAD SANTO TOMAS,ESTADÍSTICA,"Bogotá, D.C.","Bogotá, D.C.",Cercano,Presencial,Privado,Resto del país,UNIVERSIDAD SANTO TOMAS,Universidad Santo Tomas,True
1704-52000-11001,2021,2,24.0,282.0,1704,52000,11001,UNIVERSIDAD SANTO TOMAS,ESTADÍSTICA,"Bogotá, D.C.","Bogotá, D.C.",Cercano,Presencial,Privado,Resto del país,UNIVERSIDAD SANTO TOMAS,Universidad Santo Tomas,True
1704-52000-11001,2022,1,35.0,305.0,1704,52000,11001,UNIVERSIDAD SANTO TOMAS,ESTADÍSTICA,"Bogotá, D.C.","Bogotá, D.C.",Cercano,Presencial,Privado,Resto del país,UNIVERSIDAD SANTO TOMAS,Universidad Santo Tomas,True
1704-52000-11001,2022,2,16.0,296.0,1704,52000,11001,UNIVERSIDAD SANTO TOMAS,ESTADÍSTICA,"Bogotá, D.C.","Bogotá, D.C.",Cercano,Presencial,Privado,Resto del país,UNIVERSIDAD SANTO TOMAS,Universidad Santo Tomas,True
1704-52000-11001,2023,1,35.0,293.0,1704,52000,11001,UNIVERSIDAD SANTO TOMAS,ESTADÍSTICA,"Bogotá, D.C.","Bogotá, D.C.",Cercano,Presencial,Privado,Resto del país,UNIVERSIDAD SANTO TOMAS,Universidad Santo Tomas,True
1704-52000-11001,2023,2,29.0,260.0,1704,52000,11001,UNIVERSIDAD SANTO TOMAS,ESTADÍSTICA,"Bogotá, D.C.","Bogotá, D.C.",Cercano,Presencial,Privado,Resto del país,UNIVERSIDAD SANTO TOMAS,Universidad Santo Tomas,True
1704-52000-11001,2024,1,33.0,277.0,1704,52000,11001,UNIVERSIDAD SANTO TOMAS,ESTADÍSTICA,"Bogotá, D.C.","Bogotá, D.C.",Cercano,Presencial,Privado,Resto del país,UNIVERSIDAD SANTO TOMAS,Universidad Santo Tomas,True
1704-52000-11001,2024,2,22.0,250.0,1704,52000,11001,UNIVERSIDAD SANTO TOMAS,ESTADÍSTICA,"Bogotá, D.C.","Bogotá, D.C.",Cercano,Presencial,Privado,Resto del país,UNIVERSIDAD SANTO TOMAS,Universidad Santo Tomas,True
1704-52000-11001,2025,1,26.0,232.0,1704,52000,11001,UNIVERSIDAD SANTO TOMAS,ESTADÍSTICA,"Bogotá, D.C.","Bogotá, D.C.",Cercano,Presencial,Privado,Resto del país,UNIVERSIDAD SANTO TOMAS,Universidad Santo Tomas,True
1704-52000-11001,2025,2,16.0,236.0,1704,52000,11001,UNIVERSIDAD SANTO TOMAS,ESTADÍSTICA,"Bogotá, D.C.","Bogotá, D.C.",Cercano,Presencial,Privado,Resto del país,UNIVERSIDAD SANTO TOMAS,Universidad Santo Tomas,True
1706-110032-11001,2022,1,33.0,33.0,1706,110032,11001,UNIVERSIDAD EXTERNADO DE COLOMBIA,CIENCIA DE DATOS,"Bogotá, D.C.","Bogotá, D.C.",Directo,Presencial,Privado,Resto del país,UNIVERSIDAD EXTERNADO DE COLOMBIA,Universidad Externado De Colombia,True
1706-110032-11001,2022,2,24.0,55.0,1706,110032,11001,UNIVERSIDAD EXTERNADO DE COLOMBIA,CIENCIA DE DATOS,"Bogotá, D.C.","Bogotá, D.C.",Directo,Presencial,Privado,Resto del país,UNIVERSIDAD EXTERNADO DE COLOMBIA,Universidad Externado De Colombia,True
1706-110032-11001,2023,1,60.0,108.0,1706,110032,11001,UNIVERSIDAD EXTERNADO DE COLOMBIA,CIENCIA DE DATOS,"Bogotá, D.C.","Bogotá, D.C.",Directo,Presencial,Privado,Resto del país,UNIVERSIDAD EXTERNADO DE COLOMBIA,Universidad Externado De Colombia,True
1706-110032-11001,2023,2,65.0,160.0,1706,110032,11001,UNIVERSIDAD EXTERNADO DE COLOMBIA,CIENCIA DE DATOS,"Bogotá, D.C.","Bogotá, D.C.",Directo,Presencial,Privado,Resto del país,UNIVERSIDAD EXTERNADO DE COLOMBIA,Universidad Externado De Colombia,True
1706-110032-11001,2024,1,56.0,205.0,1706,110032,11001,UNIVERSIDAD EXTERNADO DE COLOMBIA,CIENCIA DE DATOS,"Bogotá, D.C.","Bogotá, D.C.",Directo,Presencial,Privado,Resto del país,UNIVERSIDAD EXTERNADO DE COLOMBIA,Universidad Externado De Colombia,True
1706-110032-11001,2024,2,25.0,219.0,1706,110032,11001,UNIVERSIDAD EXTERNADO DE COLOMBIA,CIENCIA DE DATOS,"Bogotá, D.C.","Bogotá, D.C.",Directo,Presencial,Privado,Resto del país,UNIVERSIDAD EXTERNADO DE COLOMBIA,Universidad Externado De Colombia,True
1706-110032-11001,2025,1,107.0,318.0,1706,110032,11001,UNIVERSIDAD EXTERNADO DE COLOMBIA,CIENCIA DE DATOS,"Bogotá, D.C.","Bogotá, D.C.",Directo,Presencial,Privado,Resto del país,UNIVERSIDAD EXTERNADO DE COLOMBIA,Universidad Externado De Colombia,True
1706-110032-11001,2025,2,41.0,338.0,1706,110032,11001,UNIVERSIDAD EXTERNADO DE COLOMBIA,CIENCIA DE DATOS,"Bogotá, D.C.","Bogotá, D.C.",Directo,Presencial,Privado,Resto del país,UNIVERSIDAD EXTERNADO DE COLOMBIA,Universidad Externado De Colombia,True
1709-116928-11001,2024,2,18.0,10.0,1709,116928,11001,UNIVERSIDAD CENTRAL,CIENCIA DE DATOS,"Bogotá, D.C.","Bogotá, D.C.",Directo,Presencial,Privado,Resto del país,UNIVERSIDAD CENTRAL,Universidad Central,True
1709-116928-11001,2025,1,26.0,35.0,1709,116928,11001,UNIVERSIDAD CENTRAL,CIENCIA DE DATOS,"Bogotá, D.C.","Bogotá, D.C.",Directo,Presencial,Privado,Resto del país,UNIVERSIDAD CENTRAL,Universidad Central,True
1709-116928-11001,2025,2,21.0,53.0,1709,116928,11001,UNIVERSIDAD CENTRAL,CIENCIA DE DATOS,"Bogotá, D.C.","Bogotá, D.C.",Directo,Presencial,Privado,Resto del país,UNIVERSIDAD CENTRAL,Universidad Central,True
1710-108578-5001,2021,1,25.0,38.0,1710,108578,5001,UNIVERSIDAD PONTIFICIA BOLIVARIANA,INGENIERÍA EN CIENCIA DE DATOS,Antioquia,Medellín,Directo,Presencial,Privado,G8 Medellín,Universidad Pontificia Bolivariana (UPB),UPB Medellín,True
1710-108578-5001,2021,2,12.0,44.0,1710,108578,5001,UNIVERSIDAD PONTIFICIA BOLIVARIANA,INGENIERÍA EN CIENCIA DE DATOS,Antioquia,Medellín,Directo,Presencial,Privado,G8 Medellín,Universidad Pontificia Bolivariana (UPB),UPB Medellín,True
1710-108578-5001,2022,1,20.0,56.0,1710,108578,5001,UNIVERSIDAD PONTIFICIA BOLIVARIANA,INGENIERÍA EN CIENCIA DE DATOS,Antioquia,Medellín,Directo,Presencial,Privado,G8 Medellín,Universidad Pontificia Bolivariana (UPB),UPB Medellín,True
1710-108578-5001,2022,2,14.0,64.0,1710,108578,5001,UNIVERSIDAD PONTIFICIA BOLIVARIANA,INGENIERÍA EN CIENCIA DE DATOS,Antioquia,Medellín,Directo,Presencial,Privado,G8 Medellín,Universidad Pontificia Bolivariana (UPB),UPB Medellín,True
1710-108578-5001,2023,1,17.0,73.0,1710,108578,5001,UNIVERSIDAD PONTIFICIA BOLIVARIANA,INGENIERÍA EN CIENCIA DE DATOS,Antioquia,Medellín,Directo,Presencial,Privado,G8 Medellín,Universidad Pontificia Bolivariana (UPB),UPB Medellín,True
1710-108578-5001,2023,2,24.0,92.0,1710,108578,5001,UNIVERSIDAD PONTIFICIA BOLIVARIANA,INGENIERÍA EN CIENCIA DE DATOS,Antioquia,Medellín,Directo,Presencial,Privado,G8 Medellín,Universidad Pontificia Bolivariana (UPB),UPB Medellín,True
1710-108578-5001,2024,1,31.0,117.0,1710,108578,5001,UNIVERSIDAD PONTIFICIA BOLIVARIANA,INGENIERÍA EN CIENCIA DE DATOS,Antioquia,Medellín,Directo,Presencial,Privado,G8 Medellín,Universidad Pontificia Bolivariana (UPB),UPB Medellín,True
1710-108578-5001,2024,2,18.0,130.0,1710,108578,5001,UNIVERSIDAD PONTIFICIA BOLIVARIANA,INGENIERÍA EN CIENCIA DE DATOS,Antioquia,Medellín,Directo,Presencial,Privado,G8 Medellín,Universidad Pontificia Bolivariana (UPB),UPB Medellín,True
1710-108578-5001,2025,1,37.0,158.0,1710,108578,5001,UNIVERSIDAD PONTIFICIA BOLIVARIANA,INGENIERÍA EN CIENCIA DE DATOS,Antioquia,Medellín,Directo,Presencial,Privado,G8 Medellín,Universidad Pontificia Bolivariana (UPB),UPB Medellín,True
1710-108578-5001,2025,2,25.0,178.0,1710,108578,5001,UNIVERSIDAD PONTIFICIA BOLIVARIANA,INGENIERÍA EN CIENCIA DE DATOS,Antioquia,Medellín,Directo,Presencial,Privado,G8 Medellín,Universidad Pontificia Bolivariana (UPB),UPB Medellín,True
1711-116091-25175,2024,1,46.0,46.0,1711,116091,25175,UNIVERSIDAD DE LA SABANA,Ciencia de Datos,Cundinamarca,Chía,Directo,Presencial-Virtual,Privado,Benchmark nacional,Universidad de La Sabana,La Sabana,True
1711-116091-25175,2024,2,39.0,83.0,1711,116091,25175,UNIVERSIDAD DE LA SABANA,Ciencia de Datos,Cundinamarca,Chía,Directo,Presencial-Virtual,Privado,Benchmark nacional,Universidad de La Sabana,La Sabana,True
1711-116091-25175,2025,1,54.0,140.0,1711,116091,25175,UNIVERSIDAD DE LA SABANA,Ciencia de Datos,Cundinamarca,Chía,Directo,Presencial-Virtual,Privado,Benchmark nacional,Universidad de La Sabana,La Sabana,True
1711-116091-25175,2025,2,29.0,167.0,1711,116091,25175,UNIVERSIDAD DE LA SABANA,Ciencia de Datos,Cundinamarca,Chía,Directo,Presencial-Virtual,Privado,Benchmark nacional,Universidad de La Sabana,La Sabana,True
1712-11498-5001,2021,1,25.0,165.0,1712,11498,5001,UNIVERSIDAD EAFIT-,INGENIERIA MATEMATICA,Antioquia,Medellín,Cercano,Presencial,Privado,G8 Medellín,Universidad EAFIT,EAFIT,True
1712-11498-5001,2021,2,11.0,158.0,1712,11498,5001,UNIVERSIDAD EAFIT-,INGENIERIA MATEMATICA,Antioquia,Medellín,Cercano,Presencial,Privado,G8 Medellín,Universidad EAFIT,EAFIT,True
1712-11498-5001,2022,1,27.0,167.0,1712,11498,5001,UNIVERSIDAD EAFIT-,INGENIERIA MATEMATICA,Antioquia,Medellín,Cercano,Presencial,Privado,G8 Medellín,Universidad EAFIT,EAFIT,True
1712-11498-5001,2022,2,19.0,170.0,1712,11498,5001,UNIVERSIDAD EAFIT-,INGENIERIA MATEMATICA,Antioquia,Medellín,Cercano,Presencial,Privado,G8 Medellín,Universidad EAFIT,EAFIT,True
1712-11498-5001,2023,1,33.0,187.0,1712,11498,5001,UNIVERSIDAD EAFIT-,INGENIERIA MATEMATICA,Antioquia,Medellín,Cercano,Presencial,Privado,G8 Medellín,Universidad EAFIT,EAFIT,True
1712-11498-5001,2023,2,17.0,181.0,1712,11498,5001,UNIVERSIDAD EAFIT-,INGENIERIA MATEMATICA,Antioquia,Medellín,Cercano,Presencial,Privado,G8 Medellín,Universidad EAFIT,EAFIT,True
1712-11498-5001,2024,1,18.0,183.0,1712,11498,5001,UNIVERSIDAD EAFIT-,INGENIERIA MATEMATICA,Antioquia,Medellín,Cercano,Presencial,Privado,G8 Medellín,Universidad EAFIT,EAFIT,True
1712-11498-5001,2024,2,13.0,165.0,1712,11498,5001,UNIVERSIDAD EAFIT-,INGENIERIA MATEMATICA,Antioquia,Medellín,Cercano,Presencial,Privado,G8 Medellín,Universidad EAFIT,EAFIT,True
1712-11498-5001,2025,1,32.0,179.0,1712,11498,5001,UNIVERSIDAD EAFIT-,INGENIERIA MATEMATICA,Antioquia,Medellín,Cercano,Presencial,Privado,G8 Medellín,Universidad EAFIT,EAFIT,True
1712-11498-5001,2025,2,14.0,167.0,1712,11498,5001,UNIVERSIDAD EAFIT-,INGENIERIA MATEMATICA,Antioquia,Medellín,Cercano,Presencial,Privado,G8 Medellín,Universidad EAFIT,EAFIT,True
1713-110172-8001,2021,2,10.0,10.0,1713,110172,8001,UNIVERSIDAD DEL NORTE,CIENCIA DE DATOS,Atlántico,Barranquilla,Directo,Presencial,Privado,Benchmark nacional,Universidad del Norte,Uninorte,True
1713-110172-8001,2022,1,28.0,36.0,1713,110172,8001,UNIVERSIDAD DEL NORTE,CIENCIA DE DATOS,Atlántico,Barranquilla,Directo,Presencial,Privado,Benchmark nacional,Universidad del Norte,Uninorte,True
1713-110172-8001,2022,2,20.0,50.0,1713,110172,8001,UNIVERSIDAD DEL NORTE,CIENCIA DE DATOS,Atlántico,Barranquilla,Directo,Presencial,Privado,Benchmark nacional,Universidad del Norte,Uninorte,True
1713-110172-8001,2023,1,34.0,81.0,1713,110172,8001,UNIVERSIDAD DEL NORTE,CIENCIA DE DATOS,Atlántico,Barranquilla,Directo,Presencial,Privado,Benchmark nacional,Universidad del Norte,Uninorte,True
1713-110172-8001,2023,2,25.0,98.0,1713,110172,8001,UNIVERSIDAD DEL NORTE,CIENCIA DE DATOS,Atlántico,Barranquilla,Directo,Presencial,Privado,Benchmark nacional,Universidad del Norte,Uninorte,True
1713-110172-8001,2024,1,33.0,127.0,1713,110172,8001,UNIVERSIDAD DEL NORTE,CIENCIA DE DATOS,Atlántico,Barranquilla,Directo,Presencial,Privado,Benchmark nacional,Universidad del Norte,Uninorte,True
1713-110172-8001,2024,2,18.0,139.0,1713,110172,8001,UNIVERSIDAD DEL NORTE,CIENCIA DE DATOS,Atlántico,Barranquilla,Directo,Presencial,Privado,Benchmark nacional,Universidad del Norte,Uninorte,True
1713-110172-8001,2025,1,45.0,171.0,1713,110172,8001,UNIVERSIDAD DEL NORTE,CIENCIA DE DATOS,Atlántico,Barranquilla,Directo,Presencial,Privado,Benchmark nacional,Universidad del Norte,Uninorte,True
1713-110172-8001,2025,2,24.0,188.0,1713,110172,8001,UNIVERSIDAD DEL NORTE,CIENCIA DE DATOS,Atlántico,Barranquilla,Directo,Presencial,Privado,Benchmark nacional,Universidad del Norte,Uninorte,True
1714-105653-11001,2021,1,46.0,219.0,1714,105653,11001,COLEGIO MAYOR DE NUESTRA SEÑORA DEL ROSARIO,MATEMÁTICAS APLICADAS Y CIENCIAS DE LA COMPUTACIÓN,"Bogotá, D.C.","Bogotá, D.C.",Cercano,Presencial,Privado,Benchmark nacional,Universidad del Rosario,Rosario,True
1714-105653-11001,2021,2,35.0,232.0,1714,105653,11001,COLEGIO MAYOR DE NUESTRA SEÑORA DEL ROSARIO,MATEMÁTICAS APLICADAS Y CIENCIAS DE LA COMPUTACIÓN,"Bogotá, D.C.","Bogotá, D.C.",Cercano,Presencial,Privado,Benchmark nacional,Universidad del Rosario,Rosario,True
1714-105653-11001,2022,1,56.0,264.0,1714,105653,11001,COLEGIO MAYOR DE NUESTRA SEÑORA DEL ROSARIO,MATEMÁTICAS APLICADAS Y CIENCIAS DE LA COMPUTACIÓN,"Bogotá, D.C.","Bogotá, D.C.",Cercano,Presencial,Privado,Benchmark nacional,Universidad del Rosario,Rosario,True
1714-105653-11001,2022,2,31.0,266.0,1714,105653,11001,COLEGIO MAYOR DE NUESTRA SEÑORA DEL ROSARIO,MATEMÁTICAS APLICADAS Y CIENCIAS DE LA COMPUTACIÓN,"Bogotá, D.C.","Bogotá, D.C.",Cercano,Presencial,Privado,Benchmark nacional,Universidad del Rosario,Rosario,True
1714-105653-11001,2023,1,52.0,290.0,1714,105653,11001,COLEGIO MAYOR DE NUESTRA SEÑORA DEL ROSARIO,MATEMÁTICAS APLICADAS Y CIENCIAS DE LA COMPUTACIÓN,"Bogotá, D.C.","Bogotá, D.C.",Cercano,Presencial,Privado,Benchmark nacional,Universidad del Rosario,Rosario,True
1714-105653-11001,2023,2,35.0,276.0,1714,105653,11001,COLEGIO MAYOR DE NUESTRA SEÑORA DEL ROSARIO,MATEMÁTICAS APLICADAS Y CIENCIAS DE LA COMPUTACIÓN,"Bogotá, D.C.","Bogotá, D.C.",Cercano,Presencial,Privado,Benchmark nacional,Universidad del Rosario,Rosario,True
1714-105653-11001,2024,1,64.0,316.0,1714,105653,11001,COLEGIO MAYOR DE NUESTRA SEÑORA DEL ROSARIO,MATEMÁTICAS APLICADAS Y CIENCIAS DE LA COMPUTACIÓN,"Bogotá, D.C.","Bogotá, D.C.",Cercano,Presencial,Privado,Benchmark nacional,Universidad del Rosario,Rosario,True
1714-105653-11001,2024,2,26.0,290.0,1714,105653,11001,COLEGIO MAYOR DE NUESTRA SEÑORA DEL ROSARIO,MATEMÁTICAS APLICADAS Y CIENCIAS DE LA COMPUTACIÓN,"Bogotá, D.C.","Bogotá, D.C.",Cercano,Presencial,Privado,Benchmark nacional,Universidad del Rosario,Rosario,True
1714-105653-11001,2025,1,37.0,300.0,1714,105653,11001,COLEGIO MAYOR DE NUESTRA SEÑORA DEL ROSARIO,MATEMÁTICAS APLICADAS Y CIENCIAS DE LA COMPUTACIÓN,"Bogotá, D.C.","Bogotá, D.C.",Cercano,Presencial,Privado,Benchmark nacional,Universidad del Rosario,Rosario,True
1714-105653-11001,2025,2,15.0,274.0,1714,105653,11001,COLEGIO MAYOR DE NUESTRA SEÑORA DEL ROSARIO,MATEMÁTICAS APLICADAS Y CIENCIAS DE LA COMPUTACIÓN,"Bogotá, D.C.","Bogotá, D.C.",Cercano,Presencial,Privado,Benchmark nacional,Universidad del Rosario,Rosario,True
1715-107649-11001,2021,1,8.0,38.0,1715,107649,11001,FUNDACION UNIVERSIDAD DE AMERICA,ESTADISTICA Y CIENCIAS ACTUARIALES,"Bogotá, D.C.","Bogotá, D.C.",Cercano,Presencial,Privado,Resto del país,FUNDACION UNIVERSIDAD DE AMERICA,Fundacion Universidad De America,True
1715-107649-11001,2021,2,2.0,40.0,1715,107649,11001,FUNDACION UNIVERSIDAD DE AMERICA,ESTADISTICA Y CIENCIAS ACTUARIALES,"Bogotá, D.C.","Bogotá, D.C.",Cercano,Presencial,Privado,Resto del país,FUNDACION UNIVERSIDAD DE AMERICA,Fundacion Universidad De America,True
1715-107649-11001,2022,1,8.0,45.0,1715,107649,11001,FUNDACION UNIVERSIDAD DE AMERICA,ESTADISTICA Y CIENCIAS ACTUARIALES,"Bogotá, D.C.","Bogotá, D.C.",Cercano,Presencial,Privado,Resto del país,FUNDACION UNIVERSIDAD DE AMERICA,Fundacion Universidad De America,True
1715-107649-11001,2022,2,,40.0,1715,107649,11001,FUNDACION UNIVERSIDAD DE AMERICA,ESTADISTICA Y CIENCIAS ACTUARIALES,"Bogotá, D.C.","Bogotá, D.C.",Cercano,Presencial,Privado,Resto del país,FUNDACION UNIVERSIDAD DE AMERICA,Fundacion Universidad De America,True
1715-107649-11001,2023,1,4.0,44.0,1715,107649,11001,FUNDACION UNIVERSIDAD DE AMERICA,ESTADISTICA Y CIENCIAS ACTUARIALES,"Bogotá, D.C.","Bogotá, D.C.",Cercano,Presencial,Privado,Resto del país,FUNDACION UNIVERSIDAD DE AMERICA,Fundacion Universidad De America,True
1715-107649-11001,2023,2,1.0,35.0,1715,107649,11001,FUNDACION UNIVERSIDAD DE AMERICA,ESTADISTICA Y CIENCIAS ACTUARIALES,"Bogotá, D.C.","Bogotá, D.C.",Cercano,Presencial,Privado,Resto del país,FUNDACION UNIVERSIDAD DE AMERICA,Fundacion Universidad De America,True
1715-107649-11001,2024,1,2.0,26.0,1715,107649,11001,FUNDACION UNIVERSIDAD DE AMERICA,ESTADISTICA Y CIENCIAS ACTUARIALES,"Bogotá, D.C.","Bogotá, D.C.",Cercano,Presencial,Privado,Resto del país,FUNDACION UNIVERSIDAD DE AMERICA,Fundacion Universidad De America,True
1715-107649-11001,2024,2,,22.0,1715,107649,11001,FUNDACION UNIVERSIDAD DE AMERICA,ESTADISTICA Y CIENCIAS ACTUARIALES,"Bogotá, D.C.","Bogotá, D.C.",Cercano,Presencial,Privado,Resto del país,FUNDACION UNIVERSIDAD DE AMERICA,Fundacion Universidad De America,True
1715-107649-11001,2025,1,1.0,16.0,1715,107649,11001,FUNDACION UNIVERSIDAD DE AMERICA,ESTADISTICA Y CIENCIAS ACTUARIALES,"Bogotá, D.C.","Bogotá, D.C.",Cercano,Presencial,Privado,Resto del país,FUNDACION UNIVERSIDAD DE AMERICA,Fundacion Universidad De America,True
1715-107649-11001,2025,2,,12.0,1715,107649,11001,FUNDACION UNIVERSIDAD DE AMERICA,ESTADISTICA Y CIENCIAS ACTUARIALES,"Bogotá, D.C.","Bogotá, D.C.",Cercano,Presencial,Privado,Resto del país,FUNDACION UNIVERSIDAD DE AMERICA,Fundacion Universidad De America,True
1728-7773-11001,2021,1,53.0,322.0,1728,7773,11001,UNIVERSIDAD SERGIO ARBOLEDA,CIENCIAS DE LA COMPUTACIÓN E INTELIGENCIA ARTIFICIAL,"Bogotá, D.C.","Bogotá, D.C.",Cercano,Presencial,Privado,Resto del país,UNIVERSIDAD SERGIO ARBOLEDA,Universidad Sergio Arboleda,True
1728-7773-11001,2021,2,50.0,336.0,1728,7773,11001,UNIVERSIDAD SERGIO ARBOLEDA,CIENCIAS DE LA COMPUTACIÓN E INTELIGENCIA ARTIFICIAL,"Bogotá, D.C.","Bogotá, D.C.",Cercano,Presencial,Privado,Resto del país,UNIVERSIDAD SERGIO ARBOLEDA,Universidad Sergio Arboleda,True
1728-7773-11001,2022,1,84.0,383.0,1728,7773,11001,UNIVERSIDAD SERGIO ARBOLEDA,CIENCIAS DE LA COMPUTACIÓN E INTELIGENCIA ARTIFICIAL,"Bogotá, D.C.","Bogotá, D.C.",Cercano,Presencial,Privado,Resto del país,UNIVERSIDAD SERGIO ARBOLEDA,Universidad Sergio Arboleda,True
1728-7773-11001,2022,2,68.0,402.0,1728,7773,11001,UNIVERSIDAD SERGIO ARBOLEDA,CIENCIAS DE LA COMPUTACIÓN E INTELIGENCIA ARTIFICIAL,"Bogotá, D.C.","Bogotá, D.C.",Cercano,Presencial,Privado,Resto del país,UNIVERSIDAD SERGIO ARBOLEDA,Universidad Sergio Arboleda,True
1728-7773-11001,2023,1,33.0,353.0,1728,7773,11001,UNIVERSIDAD SERGIO ARBOLEDA,CIENCIAS DE LA COMPUTACIÓN E INTELIGENCIA ARTIFICIAL,"Bogotá, D.C.","Bogotá, D.C.",Cercano,Presencial,Privado,Resto del país,UNIVERSIDAD SERGIO ARBOLEDA,Universidad Sergio Arboleda,True
1728-7773-11001,2023,2,38.0,341.0,1728,7773,11001,UNIVERSIDAD SERGIO ARBOLEDA,CIENCIAS DE LA COMPUTACIÓN E INTELIGENCIA ARTIFICIAL,"Bogotá, D.C.","Bogotá, D.C.",Cercano,Presencial,Privado,Resto del país,UNIVERSIDAD SERGIO ARBOLEDA,Universidad Sergio Arboleda,True
1728-7773-11001,2024,1,72.0,367.0,1728,7773,11001,UNIVERSIDAD SERGIO ARBOLEDA,CIENCIAS DE LA COMPUTACIÓN E INTELIGENCIA ARTIFICIAL,"Bogotá, D.C.","Bogotá, D.C.",Cercano,Presencial,Privado,Resto del país,UNIVERSIDAD SERGIO ARBOLEDA,Universidad Sergio Arboleda,True
1728-7773-11001,2024,2,32.0,362.0,1728,7773,11001,UNIVERSIDAD SERGIO ARBOLEDA,CIENCIAS DE LA COMPUTACIÓN E INTELIGENCIA ARTIFICIAL,"Bogotá, D.C.","Bogotá, D.C.",Cercano,Presencial,Privado,Resto del país,UNIVERSIDAD SERGIO ARBOLEDA,Universidad Sergio Arboleda,True
1728-7773-11001,2025,1,85.0,414.0,1728,7773,11001,UNIVERSIDAD SERGIO ARBOLEDA,CIENCIAS DE LA COMPUTACIÓN E INTELIGENCIA ARTIFICIAL,"Bogotá, D.C.","Bogotá, D.C.",Cercano,Presencial,Privado,Resto del país,UNIVERSIDAD SERGIO ARBOLEDA,Universidad Sergio Arboleda,True
1728-7773-11001,2025,2,66.0,439.0,1728,7773,11001,UNIVERSIDAD SERGIO ARBOLEDA,CIENCIAS DE LA COMPUTACIÓN E INTELIGENCIA ARTIFICIAL,"Bogotá, D.C.","Bogotá, D.C.",Cercano,Presencial,Privado,Resto del país,UNIVERSIDAD SERGIO ARBOLEDA,Universidad Sergio Arboleda,True
1729-103722-11001,2021,1,3.0,29.0,1729,103722,11001,UNIVERSIDAD EL BOSQUE,ESTADÍSTICA,"Bogotá, D.C.","Bogotá, D.C.",Cercano,Presencial,Privado,Resto del país,UNIVERSIDAD EL BOSQUE,Universidad El Bosque,True
1729-103722-11001,2021,2,11.0,33.0,1729,103722,11001,UNIVERSIDAD EL BOSQUE,ESTADÍSTICA,"Bogotá, D.C.","Bogotá, D.C.",Cercano,Presencial,Privado,Resto del país,UNIVERSIDAD EL BOSQUE,Universidad El Bosque,True
1729-103722-11001,2022,1,16.0,43.0,1729,103722,11001,UNIVERSIDAD EL BOSQUE,ESTADÍSTICA,"Bogotá, D.C.","Bogotá, D.C.",Cercano,Presencial,Privado,Resto del país,UNIVERSIDAD EL BOSQUE,Universidad El Bosque,True
1729-103722-11001,2022,2,5.0,36.0,1729,103722,11001,UNIVERSIDAD EL BOSQUE,ESTADÍSTICA,"Bogotá, D.C.","Bogotá, D.C.",Cercano,Presencial,Privado,Resto del país,UNIVERSIDAD EL BOSQUE,Universidad El Bosque,True
1729-103722-11001,2023,1,16.0,47.0,1729,103722,11001,UNIVERSIDAD EL BOSQUE,ESTADÍSTICA,"Bogotá, D.C.","Bogotá, D.C.",Cercano,Presencial,Privado,Resto del país,UNIVERSIDAD EL BOSQUE,Universidad El Bosque,True
1729-103722-11001,2023,2,10.0,47.0,1729,103722,11001,UNIVERSIDAD EL BOSQUE,ESTADÍSTICA,"Bogotá, D.C.","Bogotá, D.C.",Cercano,Presencial,Privado,Resto del país,UNIVERSIDAD EL BOSQUE,Universidad El Bosque,True
1729-103722-11001,2024,1,6.0,47.0,1729,103722,11001,UNIVERSIDAD EL BOSQUE,ESTADÍSTICA,"Bogotá, D.C.","Bogotá, D.C.",Cercano,Presencial,Privado,Resto del país,UNIVERSIDAD EL BOSQUE,Universidad El Bosque,True
1729-103722-11001,2024,2,13.0,56.0,1729,103722,11001,UNIVERSIDAD EL BOSQUE,ESTADÍSTICA,"Bogotá, D.C.","Bogotá, D.C.",Cercano,Presencial,Privado,Resto del país,UNIVERSIDAD EL BOSQUE,Universidad El Bosque,True
1729-103722-11001,2025,1,5.0,53.0,1729,103722,11001,UNIVERSIDAD EL BOSQUE,ESTADÍSTICA,"Bogotá, D.C.","Bogotá, D.C.",Cercano,Presencial,Privado,Resto del país,UNIVERSIDAD EL BOSQUE,Universidad El Bosque,True
1729-103722-11001,2025,2,5.0,51.0,1729,103722,11001,UNIVERSIDAD EL BOSQUE,ESTADÍSTICA,"Bogotá, D.C.","Bogotá, D.C.",Cercano,Presencial,Privado,Resto del país,UNIVERSIDAD EL BOSQUE,Universidad El Bosque,True
1729-117549-11001,2025,1,1.0,9.0,1729,117549,11001,UNIVERSIDAD EL BOSQUE,Matemáticas y Ciencia de Datos,"Bogotá, D.C.","Bogotá, D.C.",Directo,Presencial,Privado,Resto del país,UNIVERSIDAD EL BOSQUE,Universidad El Bosque,True
1729-117549-11001,2025,2,14.0,25.0,1729,117549,11001,UNIVERSIDAD EL BOSQUE,Matemáticas y Ciencia de Datos,"Bogotá, D.C.","Bogotá, D.C.",Directo,Presencial,Privado,Resto del país,UNIVERSIDAD EL BOSQUE,Universidad El Bosque,True
1732-116280-11001,2025,2,31.0,31.0,1732,116280,11001,UNIVERSIDAD SANTO TOMAS,Ingeniería de Datos e Inteligencia Artificial,"Bogotá, D.C.","Bogotá, D.C.",Directo,Presencial,Privado,Resto del país,UNIVERSIDAD SANTO TOMAS,Universidad Santo Tomas,False
1732-116280-15001,2024,2,28.0,28.0,1732,116280,15001,UNIVERSIDAD SANTO TOMAS,Ingeniería de Datos e Inteligencia Artificial,Boyacá,Tunja,Directo,Presencial,Privado,Resto del país,UNIVERSIDAD SANTO TOMAS,Universidad Santo Tomas,False
1732-116280-15001,2025,1,75.0,98.0,1732,116280,15001,UNIVERSIDAD SANTO TOMAS,Ingeniería de Datos e Inteligencia Artificial,Boyacá,Tunja,Directo,Presencial,Privado,Resto del país,UNIVERSIDAD SANTO TOMAS,Universidad Santo Tomas,False
1732-116280-15001,2025,2,37.0,128.0,1732,116280,15001,UNIVERSIDAD SANTO TOMAS,Ingeniería de Datos e Inteligencia Artificial,Boyacá,Tunja,Directo,Presencial,Privado,Resto del país,UNIVERSIDAD SANTO TOMAS,Universidad Santo Tomas,False
1803-116998-11001,2024,2,17.0,17.0,1803,116998,11001,UNIVERSIDAD DE LA SALLE,Ciencia de Datos,"Bogotá, D.C.","Bogotá, D.C.",Directo,Virtual,Privado,Resto del país,UNIVERSIDAD DE LA SALLE,Universidad De La Salle,True
1803-116998-11001,2025,1,77.0,90.0,1803,116998,11001,UNIVERSIDAD DE LA SALLE,Ciencia de Datos,"Bogotá, D.C.","Bogotá, D.C.",Directo,Virtual,Privado,Resto del país,UNIVERSIDAD DE LA SALLE,Universidad De La Salle,True
1803-116998-11001,2025,2,98.0,174.0,1803,116998,11001,UNIVERSIDAD DE LA SALLE,Ciencia de Datos,"Bogotá, D.C.","Bogotá, D.C.",Directo,Virtual,Privado,Resto del país,UNIVERSIDAD DE LA SALLE,Universidad De La Salle,True
1806-116950-11001,2025,1,11.0,11.0,1806,116950,11001,UNIVERSIDAD LIBRE,Ingeniería en Ciencia de Datos,"Bogotá, D.C.","Bogotá, D.C.",Directo,Presencial,Privado,Resto del país,UNIVERSIDAD LIBRE,Universidad Libre,True
1806-116950-11001,2025,2,8.0,18.0,1806,116950,11001,UNIVERSIDAD LIBRE,Ingeniería en Ciencia de Datos,"Bogotá, D.C.","Bogotá, D.C.",Directo,Presencial,Privado,Resto del país,UNIVERSIDAD LIBRE,Universidad Libre,True
1812-103268-5001,2021,1,10.0,13.0,1812,103268,5001,UNIVERSIDAD DE MEDELLIN,COMPUTACIÓN CIENTÍFICA,Antioquia,Medellín,Cercano,Presencial,Privado,G8 Medellín,Universidad de Medellín,U. de Medellín,True
1812-103268-5001,2021,2,3.0,15.0,1812,103268,5001,UNIVERSIDAD DE MEDELLIN,COMPUTACIÓN CIENTÍFICA,Antioquia,Medellín,Cercano,Presencial,Privado,G8 Medellín,Universidad de Medellín,U. de Medellín,True
1812-103268-5001,2022,1,5.0,18.0,1812,103268,5001,UNIVERSIDAD DE MEDELLIN,COMPUTACIÓN CIENTÍFICA,Antioquia,Medellín,Cercano,Presencial,Privado,G8 Medellín,Universidad de Medellín,U. de Medellín,True
1812-103268-5001,2022,2,15.0,32.0,1812,103268,5001,UNIVERSIDAD DE MEDELLIN,COMPUTACIÓN CIENTÍFICA,Antioquia,Medellín,Cercano,Presencial,Privado,G8 Medellín,Universidad de Medellín,U. de Medellín,True
1812-103268-5001,2023,1,,15.0,1812,103268,5001,UNIVERSIDAD DE MEDELLIN,COMPUTACIÓN CIENTÍFICA,Antioquia,Medellín,Cercano,Presencial,Privado,G8 Medellín,Universidad de Medellín,U. de Medellín,True
1812-103268-5001,2023,2,18.0,33.0,1812,103268,5001,UNIVERSIDAD DE MEDELLIN,COMPUTACIÓN CIENTÍFICA,Antioquia,Medellín,Cercano,Presencial,Privado,G8 Medellín,Universidad de Medellín,U. de Medellín,True
1812-103268-5001,2024,1,10.0,26.0,1812,103268,5001,UNIVERSIDAD DE MEDELLIN,COMPUTACIÓN CIENTÍFICA,Antioquia,Medellín,Cercano,Presencial,Privado,G8 Medellín,Universidad de Medellín,U. de Medellín,True
1812-103268-5001,2024,2,27.0,50.0,1812,103268,5001,UNIVERSIDAD DE MEDELLIN,COMPUTACIÓN CIENTÍFICA,Antioquia,Medellín,Cercano,Presencial,Privado,G8 Medellín,Universidad de Medellín,U. de Medellín,True
1812-103268-5001,2025,1,18.0,46.0,1812,103268,5001,UNIVERSIDAD DE MEDELLIN,COMPUTACIÓN CIENTÍFICA,Antioquia,Medellín,Cercano,Presencial,Privado,G8 Medellín,Universidad de Medellín,U. de Medellín,True
1812-103268-5001,2025,2,24.0,64.0,1812,103268,5001,UNIVERSIDAD DE MEDELLIN,COMPUTACIÓN CIENTÍFICA,Antioquia,Medellín,Cercano,Presencial,Privado,G8 Medellín,Universidad de Medellín,U. de Medellín,True
1814-117607-5001,2025,1,2.0,2.0,1814,117607,5001,UNIVERSIDAD AUTONOMA LATINOAMERICANA-UNAULA-,INGENIERIA EN CIENCIA DE DATOS E INTELIGENCIA DE NEGOCIOS,Antioquia,Medellín,Directo,Presencial,Privado,Resto del país,UNIVERSIDAD AUTONOMA LATINOAMERICANA-UNAULA-,Universidad Autonoma Latinoamericana-Unaula-,True
1814-117607-5001,2025,2,8.0,10.0,1814,117607,5001,UNIVERSIDAD AUTONOMA LATINOAMERICANA-UNAULA-,INGENIERIA EN CIENCIA DE DATOS E INTELIGENCIA DE NEGOCIOS,Antioquia,Medellín,Directo,Presencial,Privado,Resto del país,UNIVERSIDAD AUTONOMA LATINOAMERICANA-UNAULA-,Universidad Autonoma Latinoamericana-Unaula-,True
1823-117735-68001,2025,2,7.0,7.0,1823,117735,68001,UNIVERSIDAD AUTONOMA DE BUCARAMANGA-UNAB-,Ciencia de Datos ,Santander,Bucaramanga,Directo,Presencial,Privado,Resto del país,UNIVERSIDAD AUTONOMA DE BUCARAMANGA-UNAB-,Universidad Autonoma De Bucaramanga-Unab-,True
1830-109940-76001,2021,2,11.0,11.0,1830,109940,76001,UNIVERSIDAD AUTONOMA DE OCCIDENTE,INGENIERÍA DE DATOS E INTELIGENCIA ARTIFICIAL,Valle del Cauca,Cali,Directo,Presencial,PRIVADA,Resto del país,UNIVERSIDAD AUTONOMA DE OCCIDENTE,Universidad Autonoma De Occidente,False
1830-109940-76001,2022,1,,1.0,1830,109940,76001,UNIVERSIDAD AUTONOMA DE OCCIDENTE,INGENIERÍA DE DATOS E INTELIGENCIA ARTIFICIAL,Valle del Cauca,Cali,Directo,Presencial,PRIVADA,Resto del país,UNIVERSIDAD AUTONOMA DE OCCIDENTE,Universidad Autonoma De Occidente,False
1830-109940-76001,2022,2,,1.0,1830,109940,76001,UNIVERSIDAD AUTONOMA DE OCCIDENTE,INGENIERÍA DE DATOS E INTELIGENCIA ARTIFICIAL,Valle del Cauca,Cali,Directo,Presencial,PRIVADA,Resto del país,UNIVERSIDAD AUTONOMA DE OCCIDENTE,Universidad Autonoma De Occidente,False
1830-110368-76001,2022,1,39.0,39.0,1830,110368,76001,UNIVERSIDAD AUTONOMA DE OCCIDENTE,INGENIERÍA DE DATOS E INTELIGENCIA ARTIFICIAL,Valle del Cauca,Santiago de Cali,Directo,Presencial-Virtual,Privado,Resto del país,UNIVERSIDAD AUTONOMA DE OCCIDENTE,Universidad Autonoma De Occidente,False
1830-110368-76001,2022,2,30.0,65.0,1830,110368,76001,UNIVERSIDAD AUTONOMA DE OCCIDENTE,INGENIERÍA DE DATOS E INTELIGENCIA ARTIFICIAL,Valle del Cauca,Santiago de Cali,Directo,Presencial-Virtual,Privado,Resto del país,UNIVERSIDAD AUTONOMA DE OCCIDENTE,Universidad Autonoma De Occidente,False
1830-110368-76001,2023,1,37.0,98.0,1830,110368,76001,UNIVERSIDAD AUTONOMA DE OCCIDENTE,INGENIERÍA DE DATOS E INTELIGENCIA ARTIFICIAL,Valle del Cauca,Santiago de Cali,Directo,Presencial-Virtual,Privado,Resto del país,UNIVERSIDAD AUTONOMA DE OCCIDENTE,Universidad Autonoma De Occidente,False
1830-110368-76001,2023,2,47.0,139.0,1830,110368,76001,UNIVERSIDAD AUTONOMA DE OCCIDENTE,INGENIERÍA DE DATOS E INTELIGENCIA ARTIFICIAL,Valle del Cauca,Santiago de Cali,Directo,Presencial-Virtual,Privado,Resto del país,UNIVERSIDAD AUTONOMA DE OCCIDENTE,Universidad Autonoma De Occidente,False
1830-110368-76001,2024,1,48.0,183.0,1830,110368,76001,UNIVERSIDAD AUTONOMA DE OCCIDENTE,INGENIERÍA DE DATOS E INTELIGENCIA ARTIFICIAL,Valle del Cauca,Santiago de Cali,Directo,Presencial-Virtual,Privado,Resto del país,UNIVERSIDAD AUTONOMA DE OCCIDENTE,Universidad Autonoma De Occidente,False
1830-110368-76001,2024,2,103.0,272.0,1830,110368,76001,UNIVERSIDAD AUTONOMA DE OCCIDENTE,INGENIERÍA DE DATOS E INTELIGENCIA ARTIFICIAL,Valle del Cauca,Santiago de Cali,Directo,Presencial-Virtual,Privado,Resto del país,UNIVERSIDAD AUTONOMA DE OCCIDENTE,Universidad Autonoma De Occidente,False
1830-110368-76001,2025,1,45.0,304.0,1830,110368,76001,UNIVERSIDAD AUTONOMA DE OCCIDENTE,INGENIERÍA DE DATOS E INTELIGENCIA ARTIFICIAL,Valle del Cauca,Santiago de Cali,Directo,Presencial-Virtual,Privado,Resto del país,UNIVERSIDAD AUTONOMA DE OCCIDENTE,Universidad Autonoma De Occidente,False
1830-110368-76001,2025,2,112.0,397.0,1830,110368,76001,UNIVERSIDAD AUTONOMA DE OCCIDENTE,INGENIERÍA DE DATOS E INTELIGENCIA ARTIFICIAL,Valle del Cauca,Santiago de Cali,Directo,Presencial-Virtual,Privado,Resto del país,UNIVERSIDAD AUTONOMA DE OCCIDENTE,Universidad Autonoma De Occidente,False
1832-116063-13001,2024,1,13.0,13.0,1832,116063,13001,UNIVERSIDAD TECNOLOGICA DE BOLIVAR,CIENCIA DE DATOS,Bolívar,Cartagena de Indias,Directo,Presencial,Privado,Resto del país,UNIVERSIDAD TECNOLOGICA DE BOLIVAR,Universidad Tecnologica De Bolivar,True
1832-116063-13001,2024,2,8.0,19.0,1832,116063,13001,UNIVERSIDAD TECNOLOGICA DE BOLIVAR,CIENCIA DE DATOS,Bolívar,Cartagena de Indias,Directo,Presencial,Privado,Resto del país,UNIVERSIDAD TECNOLOGICA DE BOLIVAR,Universidad Tecnologica De Bolivar,True
1832-116063-13001,2025,1,14.0,34.0,1832,116063,13001,UNIVERSIDAD TECNOLOGICA DE BOLIVAR,CIENCIA DE DATOS,Bolívar,Cartagena de Indias,Directo,Presencial,Privado,Resto del país,UNIVERSIDAD TECNOLOGICA DE BOLIVAR,Universidad Tecnologica De Bolivar,True
1832-116063-13001,2025,2,7.0,38.0,1832,116063,13001,UNIVERSIDAD TECNOLOGICA DE BOLIVAR,CIENCIA DE DATOS,Bolívar,Cartagena de Indias,Directo,Presencial,Privado,Resto del país,UNIVERSIDAD TECNOLOGICA DE BOLIVAR,Universidad Tecnologica De Bolivar,True
2209-117132-5001,2025,1,43.0,43.0,2209,117132,5001,POLITECNICO COLOMBIANO JAIME ISAZA CADAVID,Ingeniería en Ciencia de Datos,Antioquia,Medellín,Directo,Presencial,Oficial,Resto del país,POLITECNICO COLOMBIANO JAIME ISAZA CADAVID,Politecnico Colombiano Jaime Isaza Cadavid,True
2209-117132-5001,2025,2,56.0,85.0,2209,117132,5001,POLITECNICO COLOMBIANO JAIME ISAZA CADAVID,Ingeniería en Ciencia de Datos,Antioquia,Medellín,Directo,Presencial,Oficial,Resto del país,POLITECNICO COLOMBIANO JAIME ISAZA CADAVID,Politecnico Colombiano Jaime Isaza Cadavid,True
2713-108275-11001,2021,1,9.0,35.0,2713,108275,11001,FUNDACION UNIVERSITARIA LOS LIBERTADORES,ESTADÍSTICA,"Bogotá, D.C.","Bogotá, D.C.",Cercano,Presencial,Privado,Resto del país,FUNDACION UNIVERSITARIA LOS LIBERTADORES,Fundacion Universitaria Los Libertadores,True
2713-108275-11001,2021,2,14.0,43.0,2713,108275,11001,FUNDACION UNIVERSITARIA LOS LIBERTADORES,ESTADÍSTICA,"Bogotá, D.C.","Bogotá, D.C.",Cercano,Presencial,Privado,Resto del país,FUNDACION UNIVERSITARIA LOS LIBERTADORES,Fundacion Universitaria Los Libertadores,True
2713-108275-11001,2022,1,17.0,54.0,2713,108275,11001,FUNDACION UNIVERSITARIA LOS LIBERTADORES,ESTADÍSTICA,"Bogotá, D.C.","Bogotá, D.C.",Cercano,Presencial,Privado,Resto del país,FUNDACION UNIVERSITARIA LOS LIBERTADORES,Fundacion Universitaria Los Libertadores,True
2713-108275-11001,2022,2,15.0,47.0,2713,108275,11001,FUNDACION UNIVERSITARIA LOS LIBERTADORES,ESTADÍSTICA,"Bogotá, D.C.","Bogotá, D.C.",Cercano,Presencial,Privado,Resto del país,FUNDACION UNIVERSITARIA LOS LIBERTADORES,Fundacion Universitaria Los Libertadores,True
2713-108275-11001,2023,1,19.0,63.0,2713,108275,11001,FUNDACION UNIVERSITARIA LOS LIBERTADORES,ESTADÍSTICA,"Bogotá, D.C.","Bogotá, D.C.",Cercano,Presencial,Privado,Resto del país,FUNDACION UNIVERSITARIA LOS LIBERTADORES,Fundacion Universitaria Los Libertadores,True
2713-108275-11001,2023,2,14.0,74.0,2713,108275,11001,FUNDACION UNIVERSITARIA LOS LIBERTADORES,ESTADÍSTICA,"Bogotá, D.C.","Bogotá, D.C.",Cercano,Presencial,Privado,Resto del país,FUNDACION UNIVERSITARIA LOS LIBERTADORES,Fundacion Universitaria Los Libertadores,True
2713-108275-11001,2024,1,16.0,74.0,2713,108275,11001,FUNDACION UNIVERSITARIA LOS LIBERTADORES,ESTADÍSTICA,"Bogotá, D.C.","Bogotá, D.C.",Cercano,Presencial,Privado,Resto del país,FUNDACION UNIVERSITARIA LOS LIBERTADORES,Fundacion Universitaria Los Libertadores,True
2713-108275-11001,2024,2,8.0,80.0,2713,108275,11001,FUNDACION UNIVERSITARIA LOS LIBERTADORES,ESTADÍSTICA,"Bogotá, D.C.","Bogotá, D.C.",Cercano,Presencial,Privado,Resto del país,FUNDACION UNIVERSITARIA LOS LIBERTADORES,Fundacion Universitaria Los Libertadores,True
2713-108275-11001,2025,1,27.0,100.0,2713,108275,11001,FUNDACION UNIVERSITARIA LOS LIBERTADORES,ESTADÍSTICA,"Bogotá, D.C.","Bogotá, D.C.",Cercano,Presencial,Privado,Resto del país,FUNDACION UNIVERSITARIA LOS LIBERTADORES,Fundacion Universitaria Los Libertadores,True
2713-108275-11001,2025,2,17.0,101.0,2713,108275,11001,FUNDACION UNIVERSITARIA LOS LIBERTADORES,ESTADÍSTICA,"Bogotá, D.C.","Bogotá, D.C.",Cercano,Presencial,Privado,Resto del país,FUNDACION UNIVERSITARIA LOS LIBERTADORES,Fundacion Universitaria Los Libertadores,True
2725-110098-11001,2022,1,10.0,10.0,2725,110098,11001,POLITECNICO GRANCOLOMBIANO,INGENIERIA EN CIENCIA DE DATOS,"Bogotá, D.C.","Bogotá, D.C.",Directo,Presencial,Privado,Resto del país,POLITECNICO GRANCOLOMBIANO,Politecnico Grancolombiano,True
2725-110098-11001,2022,2,22.0,27.0,2725,110098,11001,POLITECNICO GRANCOLOMBIANO,INGENIERIA EN CIENCIA DE DATOS,"Bogotá, D.C.","Bogotá, D.C.",Directo,Presencial,Privado,Resto del país,POLITECNICO GRANCOLOMBIANO,Politecnico Grancolombiano,True
2725-110098-11001,2023,1,10.0,29.0,2725,110098,11001,POLITECNICO GRANCOLOMBIANO,INGENIERIA EN CIENCIA DE DATOS,"Bogotá, D.C.","Bogotá, D.C.",Directo,Presencial,Privado,Resto del país,POLITECNICO GRANCOLOMBIANO,Politecnico Grancolombiano,True
2725-110098-11001,2023,2,29.0,59.0,2725,110098,11001,POLITECNICO GRANCOLOMBIANO,INGENIERIA EN CIENCIA DE DATOS,"Bogotá, D.C.","Bogotá, D.C.",Directo,Presencial,Privado,Resto del país,POLITECNICO GRANCOLOMBIANO,Politecnico Grancolombiano,True
2725-110098-11001,2024,1,35.0,87.0,2725,110098,11001,POLITECNICO GRANCOLOMBIANO,INGENIERIA EN CIENCIA DE DATOS,"Bogotá, D.C.","Bogotá, D.C.",Directo,Presencial,Privado,Resto del país,POLITECNICO GRANCOLOMBIANO,Politecnico Grancolombiano,True
2725-110098-11001,2024,2,20.0,104.0,2725,110098,11001,POLITECNICO GRANCOLOMBIANO,INGENIERIA EN CIENCIA DE DATOS,"Bogotá, D.C.","Bogotá, D.C.",Directo,Presencial,Privado,Resto del país,POLITECNICO GRANCOLOMBIANO,Politecnico Grancolombiano,True
2725-110098-11001,2025,1,16.0,114.0,2725,110098,11001,POLITECNICO GRANCOLOMBIANO,INGENIERIA EN CIENCIA DE DATOS,"Bogotá, D.C.","Bogotá, D.C.",Directo,Presencial,Privado,Resto del país,POLITECNICO GRANCOLOMBIANO,Politecnico Grancolombiano,True
2725-110098-11001,2025,2,27.0,135.0,2725,110098,11001,POLITECNICO GRANCOLOMBIANO,INGENIERIA EN CIENCIA DE DATOS,"Bogotá, D.C.","Bogotá, D.C.",Directo,Presencial,Privado,Resto del país,POLITECNICO GRANCOLOMBIANO,Politecnico Grancolombiano,True
2745-110692-11001,2022,2,14.0,14.0,2745,110692,11001,FUNDACIÓN UNIVERSITARIA COMPENSAR,CIENCIA DE DATOS,"Bogotá, D.C.","Bogotá, D.C.",Directo,Presencial,Privado,Resto del país,FUNDACIÓN UNIVERSITARIA COMPENSAR,Fundación Universitaria Compensar,True
2745-110692-11001,2023,1,11.0,25.0,2745,110692,11001,FUNDACIÓN UNIVERSITARIA COMPENSAR,CIENCIA DE DATOS,"Bogotá, D.C.","Bogotá, D.C.",Directo,Presencial,Privado,Resto del país,FUNDACIÓN UNIVERSITARIA COMPENSAR,Fundación Universitaria Compensar,True
2745-110692-11001,2023,2,19.0,39.0,2745,110692,11001,FUNDACIÓN UNIVERSITARIA COMPENSAR,CIENCIA DE DATOS,"Bogotá, D.C.","Bogotá, D.C.",Directo,Presencial,Privado,Resto del país,FUNDACIÓN UNIVERSITARIA COMPENSAR,Fundación Universitaria Compensar,True
2745-110692-11001,2024,1,23.0,56.0,2745,110692,11001,FUNDACIÓN UNIVERSITARIA COMPENSAR,CIENCIA DE DATOS,"Bogotá, D.C.","Bogotá, D.C.",Directo,Presencial,Privado,Resto del país,FUNDACIÓN UNIVERSITARIA COMPENSAR,Fundación Universitaria Compensar,True
2745-110692-11001,2024,2,21.0,68.0,2745,110692,11001,FUNDACIÓN UNIVERSITARIA COMPENSAR,CIENCIA DE DATOS,"Bogotá, D.C.","Bogotá, D.C.",Directo,Presencial,Privado,Resto del país,FUNDACIÓN UNIVERSITARIA COMPENSAR,Fundación Universitaria Compensar,True
2745-110692-11001,2025,1,21.0,86.0,2745,110692,11001,FUNDACIÓN UNIVERSITARIA COMPENSAR,CIENCIA DE DATOS,"Bogotá, D.C.","Bogotá, D.C.",Directo,Presencial,Privado,Resto del país,FUNDACIÓN UNIVERSITARIA COMPENSAR,Fundación Universitaria Compensar,True
2745-110692-11001,2025,2,22.0,90.0,2745,110692,11001,FUNDACIÓN UNIVERSITARIA COMPENSAR,CIENCIA DE DATOS,"Bogotá, D.C.","Bogotá, D.C.",Directo,Presencial,Privado,Resto del país,FUNDACIÓN UNIVERSITARIA COMPENSAR,Fundación Universitaria Compensar,True
2745-111015-11001,2022,1,29.0,29.0,2745,111015,11001,FUNDACIÓN UNIVERSITARIA COMPENSAR,CIENCIA DE DATOS,"Bogotá, D.C.","Bogotá, D.C.",Directo,Virtual,Privado,Resto del país,FUNDACIÓN UNIVERSITARIA COMPENSAR,Fundación Universitaria Compensar,True
2745-111015-11001,2022,2,37.0,53.0,2745,111015,11001,FUNDACIÓN UNIVERSITARIA COMPENSAR,CIENCIA DE DATOS,"Bogotá, D.C.","Bogotá, D.C.",Directo,Virtual,Privado,Resto del país,FUNDACIÓN UNIVERSITARIA COMPENSAR,Fundación Universitaria Compensar,True
2745-111015-11001,2023,1,40.0,74.0,2745,111015,11001,FUNDACIÓN UNIVERSITARIA COMPENSAR,CIENCIA DE DATOS,"Bogotá, D.C.","Bogotá, D.C.",Directo,Virtual,Privado,Resto del país,FUNDACIÓN UNIVERSITARIA COMPENSAR,Fundación Universitaria Compensar,True
2745-111015-11001,2023,2,34.0,83.0,2745,111015,11001,FUNDACIÓN UNIVERSITARIA COMPENSAR,CIENCIA DE DATOS,"Bogotá, D.C.","Bogotá, D.C.",Directo,Virtual,Privado,Resto del país,FUNDACIÓN UNIVERSITARIA COMPENSAR,Fundación Universitaria Compensar,True
2745-111015-11001,2024,1,86.0,147.0,2745,111015,11001,FUNDACIÓN UNIVERSITARIA COMPENSAR,CIENCIA DE DATOS,"Bogotá, D.C.","Bogotá, D.C.",Directo,Virtual,Privado,Resto del país,FUNDACIÓN UNIVERSITARIA COMPENSAR,Fundación Universitaria Compensar,True
2745-111015-11001,2024,2,84.0,196.0,2745,111015,11001,FUNDACIÓN UNIVERSITARIA COMPENSAR,CIENCIA DE DATOS,"Bogotá, D.C.","Bogotá, D.C.",Directo,Virtual,Privado,Resto del país,FUNDACIÓN UNIVERSITARIA COMPENSAR,Fundación Universitaria Compensar,True
2745-111015-11001,2025,1,78.0,222.0,2745,111015,11001,FUNDACIÓN UNIVERSITARIA COMPENSAR,CIENCIA DE DATOS,"Bogotá, D.C.","Bogotá, D.C.",Directo,Virtual,Privado,Resto del país,FUNDACIÓN UNIVERSITARIA COMPENSAR,Fundación Universitaria Compensar,True
2745-111015-11001,2025,2,77.0,229.0,2745,111015,11001,FUNDACIÓN UNIVERSITARIA COMPENSAR,CIENCIA DE DATOS,"Bogotá, D.C.","Bogotá, D.C.",Directo,Virtual,Privado,Resto del país,FUNDACIÓN UNIVERSITARIA COMPENSAR,Fundación Universitaria Compensar,True
2805-108783-54001,2021,1,2.0,2.0,2805,108783,54001,UNIVERSIDAD SIMON BOLIVAR,MATEMATICAS Y CIENCIAS DE LA COMPUTACION,Norte De Santander,San José De Cúcuta,Cercano,Presencial,PRIVADA,Resto del país,UNIVERSIDAD SIMON BOLIVAR,Universidad Simon Bolivar,True
2805-116548-8001,2025,1,22.0,22.0,2805,116548,8001,UNIVERSIDAD SIMON BOLIVAR,CIENCIA DE DATOS,Atlántico,Barranquilla,Directo,Presencial,Privado,Resto del país,UNIVERSIDAD SIMON BOLIVAR,Universidad Simon Bolivar,True
2805-116548-8001,2025,2,,20.0,2805,116548,8001,UNIVERSIDAD SIMON BOLIVAR,CIENCIA DE DATOS,Atlántico,Barranquilla,Directo,Presencial,Privado,Resto del país,UNIVERSIDAD SIMON BOLIVAR,Universidad Simon Bolivar,True
2811-109408-11001,2021,1,6.0,6.0,2811,109408,11001,UNIVERSIDAD ESCUELA COLOMBIANA DE INGENIERIA JULIO GARAVITO,INGENIERÍA ESTADÍSTICA,"Bogotá, D.C.","Bogotá, D.C.",Cercano,Presencial,Privado,Resto del país,UNIVERSIDAD ESCUELA COLOMBIANA DE INGENIERIA JULIO GARAVITO,Universidad Escuela Colombiana De Ingenieria Julio Garavito,True
2811-109408-11001,2021,2,5.0,11.0,2811,109408,11001,UNIVERSIDAD ESCUELA COLOMBIANA DE INGENIERIA JULIO GARAVITO,INGENIERÍA ESTADÍSTICA,"Bogotá, D.C.","Bogotá, D.C.",Cercano,Presencial,Privado,Resto del país,UNIVERSIDAD ESCUELA COLOMBIANA DE INGENIERIA JULIO GARAVITO,Universidad Escuela Colombiana De Ingenieria Julio Garavito,True
2811-109408-11001,2022,1,16.0,27.0,2811,109408,11001,UNIVERSIDAD ESCUELA COLOMBIANA DE INGENIERIA JULIO GARAVITO,INGENIERÍA ESTADÍSTICA,"Bogotá, D.C.","Bogotá, D.C.",Cercano,Presencial,Privado,Resto del país,UNIVERSIDAD ESCUELA COLOMBIANA DE INGENIERIA JULIO GARAVITO,Universidad Escuela Colombiana De Ingenieria Julio Garavito,True
2811-109408-11001,2022,2,9.0,33.0,2811,109408,11001,UNIVERSIDAD ESCUELA COLOMBIANA DE INGENIERIA JULIO GARAVITO,INGENIERÍA ESTADÍSTICA,"Bogotá, D.C.","Bogotá, D.C.",Cercano,Presencial,Privado,Resto del país,UNIVERSIDAD ESCUELA COLOMBIANA DE INGENIERIA JULIO GARAVITO,Universidad Escuela Colombiana De Ingenieria Julio Garavito,True
2811-109408-11001,2023,1,12.0,37.0,2811,109408,11001,UNIVERSIDAD ESCUELA COLOMBIANA DE INGENIERIA JULIO GARAVITO,INGENIERÍA ESTADÍSTICA,"Bogotá, D.C.","Bogotá, D.C.",Cercano,Presencial,Privado,Resto del país,UNIVERSIDAD ESCUELA COLOMBIANA DE INGENIERIA JULIO GARAVITO,Universidad Escuela Colombiana De Ingenieria Julio Garavito,True
2811-109408-11001,2023,2,6.0,43.0,2811,109408,11001,UNIVERSIDAD ESCUELA COLOMBIANA DE INGENIERIA JULIO GARAVITO,INGENIERÍA ESTADÍSTICA,"Bogotá, D.C.","Bogotá, D.C.",Cercano,Presencial,Privado,Resto del país,UNIVERSIDAD ESCUELA COLOMBIANA DE INGENIERIA JULIO GARAVITO,Universidad Escuela Colombiana De Ingenieria Julio Garavito,True
2811-109408-11001,2024,1,10.0,50.0,2811,109408,11001,UNIVERSIDAD ESCUELA COLOMBIANA DE INGENIERIA JULIO GARAVITO,INGENIERÍA ESTADÍSTICA,"Bogotá, D.C.","Bogotá, D.C.",Cercano,Presencial,Privado,Resto del país,UNIVERSIDAD ESCUELA COLOMBIANA DE INGENIERIA JULIO GARAVITO,Universidad Escuela Colombiana De Ingenieria Julio Garavito,True
2811-109408-11001,2024,2,11.0,55.0,2811,109408,11001,UNIVERSIDAD ESCUELA COLOMBIANA DE INGENIERIA JULIO GARAVITO,INGENIERÍA ESTADÍSTICA,"Bogotá, D.C.","Bogotá, D.C.",Cercano,Presencial,Privado,Resto del país,UNIVERSIDAD ESCUELA COLOMBIANA DE INGENIERIA JULIO GARAVITO,Universidad Escuela Colombiana De Ingenieria Julio Garavito,True
2811-109408-11001,2025,1,21.0,71.0,2811,109408,11001,UNIVERSIDAD ESCUELA COLOMBIANA DE INGENIERIA JULIO GARAVITO,INGENIERÍA ESTADÍSTICA,"Bogotá, D.C.","Bogotá, D.C.",Cercano,Presencial,Privado,Resto del país,UNIVERSIDAD ESCUELA COLOMBIANA DE INGENIERIA JULIO GARAVITO,Universidad Escuela Colombiana De Ingenieria Julio Garavito,True
2811-109408-11001,2025,2,6.0,75.0,2811,109408,11001,UNIVERSIDAD ESCUELA COLOMBIANA DE INGENIERIA JULIO GARAVITO,INGENIERÍA ESTADÍSTICA,"Bogotá, D.C.","Bogotá, D.C.",Cercano,Presencial,Privado,Resto del país,UNIVERSIDAD ESCUELA COLOMBIANA DE INGENIERIA JULIO GARAVITO,Universidad Escuela Colombiana De Ingenieria Julio Garavito,True
2812-116226-11001,2024,2,13.0,13.0,2812,116226,11001,UNIVERSIDAD EAN,Ingeniería en Ciencia de Datos,"Bogotá, D.C.","Bogotá, D.C.",Directo,Presencial,Privado,Resto del país,UNIVERSIDAD EAN,Universidad Ean,True
2812-116226-11001,2025,1,27.0,40.0,2812,116226,11001,UNIVERSIDAD EAN,Ingeniería en Ciencia de Datos,"Bogotá, D.C.","Bogotá, D.C.",Directo,Presencial,Privado,Resto del país,UNIVERSIDAD EAN,Universidad Ean,True
2812-116226-11001,2025,2,27.0,59.0,2812,116226,11001,UNIVERSIDAD EAN,Ingeniería en Ciencia de Datos,"Bogotá, D.C.","Bogotá, D.C.",Directo,Presencial,Privado,Resto del país,UNIVERSIDAD EAN,Universidad Ean,True
2830-110672-11001,2022,1,23.0,23.0,2830,110672,11001,CORPORACION UNIVERSITARIA IBEROAMERICANA,INGENIERIA EN CIENCIA DE DATOS,"Bogotá, D.C.","Bogotá, D.C.",Directo,Virtual,Privado,Resto del país,CORPORACION UNIVERSITARIA IBEROAMERICANA,Corporacion Universitaria Iberoamericana,True
2830-110672-11001,2022,2,40.0,54.0,2830,110672,11001,CORPORACION UNIVERSITARIA IBEROAMERICANA,INGENIERIA EN CIENCIA DE DATOS,"Bogotá, D.C.","Bogotá, D.C.",Directo,Virtual,Privado,Resto del país,CORPORACION UNIVERSITARIA IBEROAMERICANA,Corporacion Universitaria Iberoamericana,True
2830-110672-11001,2023,1,55.0,87.0,2830,110672,11001,CORPORACION UNIVERSITARIA IBEROAMERICANA,INGENIERIA EN CIENCIA DE DATOS,"Bogotá, D.C.","Bogotá, D.C.",Directo,Virtual,Privado,Resto del país,CORPORACION UNIVERSITARIA IBEROAMERICANA,Corporacion Universitaria Iberoamericana,True
2830-110672-11001,2023,2,91.0,154.0,2830,110672,11001,CORPORACION UNIVERSITARIA IBEROAMERICANA,INGENIERIA EN CIENCIA DE DATOS,"Bogotá, D.C.","Bogotá, D.C.",Directo,Virtual,Privado,Resto del país,CORPORACION UNIVERSITARIA IBEROAMERICANA,Corporacion Universitaria Iberoamericana,True
2830-110672-11001,2024,1,96.0,206.0,2830,110672,11001,CORPORACION UNIVERSITARIA IBEROAMERICANA,INGENIERIA EN CIENCIA DE DATOS,"Bogotá, D.C.","Bogotá, D.C.",Directo,Virtual,Privado,Resto del país,CORPORACION UNIVERSITARIA IBEROAMERICANA,Corporacion Universitaria Iberoamericana,True
2830-110672-11001,2024,2,92.0,261.0,2830,110672,11001,CORPORACION UNIVERSITARIA IBEROAMERICANA,INGENIERIA EN CIENCIA DE DATOS,"Bogotá, D.C.","Bogotá, D.C.",Directo,Virtual,Privado,Resto del país,CORPORACION UNIVERSITARIA IBEROAMERICANA,Corporacion Universitaria Iberoamericana,True
2830-110672-11001,2025,1,121.0,336.0,2830,110672,11001,CORPORACION UNIVERSITARIA IBEROAMERICANA,INGENIERIA EN CIENCIA DE DATOS,"Bogotá, D.C.","Bogotá, D.C.",Directo,Virtual,Privado,Resto del país,CORPORACION UNIVERSITARIA IBEROAMERICANA,Corporacion Universitaria Iberoamericana,True
2830-110672-11001,2025,2,106.0,382.0,2830,110672,11001,CORPORACION UNIVERSITARIA IBEROAMERICANA,INGENIERIA EN CIENCIA DE DATOS,"Bogotá, D.C.","Bogotá, D.C.",Directo,Virtual,Privado,Resto del país,CORPORACION UNIVERSITARIA IBEROAMERICANA,Corporacion Universitaria Iberoamericana,True
2832-116912-68001,2025,1,10.0,10.0,2832,116912,68001,UNIVERSIDAD DE SANTANDER - UDES,Ingeniería en Ciencias de la Computación e Inteligencia Artificial,Santander,Bucaramanga,Cercano,Presencial,Privado,Resto del país,UNIVERSIDAD DE SANTANDER - UDES,Universidad De Santander - Udes,True
2832-116912-68001,2025,2,22.0,31.0,2832,116912,68001,UNIVERSIDAD DE SANTANDER - UDES,Ingeniería en Ciencias de la Computación e Inteligencia Artificial,Santander,Bucaramanga,Cercano,Presencial,Privado,Resto del país,UNIVERSIDAD DE SANTANDER - UDES,Universidad De Santander - Udes,True
3117-117570-8001,2025,1,22.0,22.0,3117,117570,8001,INSTITUCIÓN UNIVERSITARIA DE BARRANQUILLA - IUB,Estadística,Atlántico,Barranquilla,Cercano,Presencial,Oficial,Resto del país,INSTITUCIÓN UNIVERSITARIA DE BARRANQUILLA - IUB,Institución Universitaria De Barranquilla - Iub,True
3117-117570-8001,2025,2,29.0,40.0,3117,117570,8001,INSTITUCIÓN UNIVERSITARIA DE BARRANQUILLA - IUB,Estadística,Atlántico,Barranquilla,Cercano,Presencial,Oficial,Resto del país,INSTITUCIÓN UNIVERSITARIA DE BARRANQUILLA - IUB,Institución Universitaria De Barranquilla - Iub,True
3117-117570-8758,2025,1,25.0,25.0,3117,117570,8758,INSTITUCIÓN UNIVERSITARIA DE BARRANQUILLA - IUB,Estadística,Atlántico,Soledad,Cercano,Presencial,Oficial,Resto del país,INSTITUCIÓN UNIVERSITARIA DE BARRANQUILLA - IUB,Institución Universitaria De Barranquilla - Iub,True
3117-117570-8758,2025,2,,13.0,3117,117570,8758,INSTITUCIÓN UNIVERSITARIA DE BARRANQUILLA - IUB,Estadística,Atlántico,Soledad,Cercano,Presencial,Oficial,Resto del país,INSTITUCIÓN UNIVERSITARIA DE BARRANQUILLA - IUB,Institución Universitaria De Barranquilla - Iub,True
3302-116314-5001,2024,2,177.0,177.0,3302,116314,5001,INSTITUCION UNIVERSITARIA - ITM,Ingeniería en Ciencia de Datos,Antioquia,Medellín,Directo,Presencial,Oficial,Resto del país,INSTITUCION UNIVERSITARIA - ITM,Institucion Universitaria - Itm,True
3302-116314-5001,2025,1,191.0,316.0,3302,116314,5001,INSTITUCION UNIVERSITARIA - ITM,Ingeniería en Ciencia de Datos,Antioquia,Medellín,Directo,Presencial,Oficial,Resto del país,INSTITUCION UNIVERSITARIA - ITM,Institucion Universitaria - Itm,True
3302-116314-5001,2025,2,194.0,427.0,3302,116314,5001,INSTITUCION UNIVERSITARIA - ITM,Ingeniería en Ciencia de Datos,Antioquia,Medellín,Directo,Presencial,Oficial,Resto del país,INSTITUCION UNIVERSITARIA - ITM,Institucion Universitaria - Itm,True
5802-103713-11001,2021,1,14.0,48.0,5802,103713,11001,UNIVERSIDAD ECCI,ESTADÍSTICA,"Bogotá, D.C.","Bogotá, D.C.",Cercano,Presencial,Privado,Resto del país,UNIVERSIDAD ECCI,Universidad Ecci,True
5802-103713-11001,2021,2,6.0,53.0,5802,103713,11001,UNIVERSIDAD ECCI,ESTADÍSTICA,"Bogotá, D.C.","Bogotá, D.C.",Cercano,Presencial,Privado,Resto del país,UNIVERSIDAD ECCI,Universidad Ecci,True
5802-103713-11001,2022,1,4.0,45.0,5802,103713,11001,UNIVERSIDAD ECCI,ESTADÍSTICA,"Bogotá, D.C.","Bogotá, D.C.",Cercano,Presencial,Privado,Resto del país,UNIVERSIDAD ECCI,Universidad Ecci,True
5802-103713-11001,2022,2,9.0,53.0,5802,103713,11001,UNIVERSIDAD ECCI,ESTADÍSTICA,"Bogotá, D.C.","Bogotá, D.C.",Cercano,Presencial,Privado,Resto del país,UNIVERSIDAD ECCI,Universidad Ecci,True
5802-103713-11001,2023,1,11.0,60.0,5802,103713,11001,UNIVERSIDAD ECCI,ESTADÍSTICA,"Bogotá, D.C.","Bogotá, D.C.",Cercano,Presencial,Privado,Resto del país,UNIVERSIDAD ECCI,Universidad Ecci,True
5802-103713-11001,2023,2,5.0,67.0,5802,103713,11001,UNIVERSIDAD ECCI,ESTADÍSTICA,"Bogotá, D.C.","Bogotá, D.C.",Cercano,Presencial,Privado,Resto del país,UNIVERSIDAD ECCI,Universidad Ecci,True
5802-103713-11001,2024,1,9.0,66.0,5802,103713,11001,UNIVERSIDAD ECCI,ESTADÍSTICA,"Bogotá, D.C.","Bogotá, D.C.",Cercano,Presencial,Privado,Resto del país,UNIVERSIDAD ECCI,Universidad Ecci,True
5802-103713-11001,2024,2,,53.0,5802,103713,11001,UNIVERSIDAD ECCI,ESTADÍSTICA,"Bogotá, D.C.","Bogotá, D.C.",Cercano,Presencial,Privado,Resto del país,UNIVERSIDAD ECCI,Universidad Ecci,True
5802-103713-11001,2025,1,5.0,49.0,5802,103713,11001,UNIVERSIDAD ECCI,ESTADÍSTICA,"Bogotá, D.C.","Bogotá, D.C.",Cercano,Presencial,Privado,Resto del país,UNIVERSIDAD ECCI,Universidad Ecci,True
5802-103713-11001,2025,2,,1.0,5802,103713,11001,UNIVERSIDAD ECCI,ESTADÍSTICA,"Bogotá, D.C.","Bogotá, D.C.",Cercano,Presencial,Privado,Resto del país,UNIVERSIDAD ECCI,Universidad Ecci,True
5802-116523-11001,2024,2,5.0,5.0,5802,116523,11001,UNIVERSIDAD ECCI,Estadística,"Bogotá, D.C.","Bogotá, D.C.",Cercano,Presencial,Privado,Resto del país,UNIVERSIDAD ECCI,Universidad Ecci,True
5802-116523-11001,2025,1,9.0,9.0,5802,116523,11001,UNIVERSIDAD ECCI,Estadística,"Bogotá, D.C.","Bogotá, D.C.",Cercano,Presencial,Privado,Resto del país,UNIVERSIDAD ECCI,Universidad Ecci,True
5802-116523-11001,2025,2,43.0,52.0,5802,116523,11001,UNIVERSIDAD ECCI,Estadística,"Bogotá, D.C.","Bogotá, D.C.",Cercano,Presencial,Privado,Resto del país,UNIVERSIDAD ECCI,Universidad Ecci,True
9129-116136-11001,2024,1,12.0,12.0,9129,116136,11001,FUNDACION UNIVERSITARIA CAFAM -UNICAFAM,Ciencia de Datos,"Bogotá, D.C.","Bogotá, D.C.",Directo,Presencial,Privado,Resto del país,FUNDACION UNIVERSITARIA CAFAM -UNICAFAM,Fundacion Universitaria Cafam -Unicafam,True
9129-116136-11001,2024,2,15.0,23.0,9129,116136,11001,FUNDACION UNIVERSITARIA CAFAM -UNICAFAM,Ciencia de Datos,"Bogotá, D.C.","Bogotá, D.C.",Directo,Presencial,Privado,Resto del país,FUNDACION UNIVERSITARIA CAFAM -UNICAFAM,Fundacion Universitaria Cafam -Unicafam,True
9129-116136-11001,2025,1,42.0,63.0,9129,116136,11001,FUNDACION UNIVERSITARIA CAFAM -UNICAFAM,Ciencia de Datos,"Bogotá, D.C.","Bogotá, D.C.",Directo,Presencial,Privado,Resto del país,FUNDACION UNIVERSITARIA CAFAM -UNICAFAM,Fundacion Universitaria Cafam -Unicafam,True
9129-116136-11001,2025,2,47.0,101.0,9129,116136,11001,FUNDACION UNIVERSITARIA CAFAM -UNICAFAM,Ciencia de Datos,"Bogotá, D.C.","Bogotá, D.C.",Directo,Presencial,Privado,Resto del país,FUNDACION UNIVERSITARIA CAFAM -UNICAFAM,Fundacion Universitaria Cafam -Unicafam,True
9914-118129-11001,2025,2,44.0,44.0,9914,118129,11001,"ESEIT - ESCUELA SUPERIOR DE EMPRESA, INGENIERÍA Y TECNOLOGÍA",Ingeniería de Datos e Inteligencia Artificial,"Bogotá, D.C.","Bogotá, D.C.",Directo,Virtual,Privado,Resto del país,"ESEIT - ESCUELA SUPERIOR DE EMPRESA, INGENIERÍA Y TECNOLOGÍA","Eseit - Escuela Superior De Empresa, Ingeniería Y Tecnología",False
9933-108082-20621,2021,1,25.0,104.0,9933,108082,20621,UNIVERSIDAD NACIONAL DE COLOMBIA,ESTADÍSTICA,Cesar,La Paz,Cercano,Presencial,Oficial,Resto del país,UNIVERSIDAD NACIONAL DE COLOMBIA,Universidad Nacional De Colombia,True
9933-108082-20621,2021,2,25.0,122.0,9933,108082,20621,UNIVERSIDAD NACIONAL DE COLOMBIA,ESTADÍSTICA,Cesar,La Paz,Cercano,Presencial,Oficial,Resto del país,UNIVERSIDAD NACIONAL DE COLOMBIA,Universidad Nacional De Colombia,True
9933-108082-20621,2022,1,30.0,146.0,9933,108082,20621,UNIVERSIDAD NACIONAL DE COLOMBIA,ESTADÍSTICA,Cesar,La Paz,Cercano,Presencial,Oficial,Resto del país,UNIVERSIDAD NACIONAL DE COLOMBIA,Universidad Nacional De Colombia,True
9933-108082-20621,2022,2,23.0,159.0,9933,108082,20621,UNIVERSIDAD NACIONAL DE COLOMBIA,ESTADÍSTICA,Cesar,La Paz,Cercano,Presencial,Oficial,Resto del país,UNIVERSIDAD NACIONAL DE COLOMBIA,Universidad Nacional De Colombia,True
9933-108082-20621,2023,1,37.0,168.0,9933,108082,20621,UNIVERSIDAD NACIONAL DE COLOMBIA,ESTADÍSTICA,Cesar,La Paz,Cercano,Presencial,Oficial,Resto del país,UNIVERSIDAD NACIONAL DE COLOMBIA,Universidad Nacional De Colombia,True
9933-108082-20621,2023,2,24.0,186.0,9933,108082,20621,UNIVERSIDAD NACIONAL DE COLOMBIA,ESTADÍSTICA,Cesar,La Paz,Cercano,Presencial,Oficial,Resto del país,UNIVERSIDAD NACIONAL DE COLOMBIA,Universidad Nacional De Colombia,True
9933-108082-20621,2024,1,20.0,198.0,9933,108082,20621,UNIVERSIDAD NACIONAL DE COLOMBIA,ESTADÍSTICA,Cesar,La Paz,Cercano,Presencial,Oficial,Resto del país,UNIVERSIDAD NACIONAL DE COLOMBIA,Universidad Nacional De Colombia,True
9933-108082-20621,2024,2,14.0,176.0,9933,108082,20621,UNIVERSIDAD NACIONAL DE COLOMBIA,ESTADÍSTICA,Cesar,La Paz,Cercano,Presencial,Oficial,Resto del país,UNIVERSIDAD NACIONAL DE COLOMBIA,Universidad Nacional De Colombia,True
9933-108082-20621,2025,1,14.0,167.0,9933,108082,20621,UNIVERSIDAD NACIONAL DE COLOMBIA,ESTADÍSTICA,Cesar,La Paz,Cercano,Presencial,Oficial,Resto del país,UNIVERSIDAD NACIONAL DE COLOMBIA,Universidad Nacional De Colombia,True
9933-108082-20621,2025,2,4.0,151.0,9933,108082,20621,UNIVERSIDAD NACIONAL DE COLOMBIA,ESTADÍSTICA,Cesar,La Paz,Cercano,Presencial,Oficial,Resto del país,UNIVERSIDAD NACIONAL DE COLOMBIA,Universidad Nacional De Colombia,True
